Frame,Satellite,Station,Elevation_deg,Rate_Mbps,Distance_km,Selected
0,SAT_179,"Cape Town, South Africa",15.21,164.1,1494.6,YES
1,SAT_179,"Cape Town, South Africa",23.56,257.4,1110.6,YES
2,SAT_178,"Cape Town, South Africa",36.68,404.0,724.0,YES
3,SAT_177,"Cape Town, South Africa",59.26,656.4,339.7,YES
4,SAT_177,"Cape Town, South Africa",83.04,922.2,70.9,YES
5,SAT_168,"Pretoria, South Africa",85.0,944.1,50.5,YES
6,SAT_102,"Guildford Pole, UK",71.22,790.1,196.0,YES
7,SAT_100,"Dundee, Scotland",79.85,886.6,103.8,YES
8,SAT_025,"Cordoba, Argentina",78.99,877.0,112.5,YES
9,SAT_106,"Stockholm, Sweden",84.28,936.1,58.1,YES
10,SAT_105,"Öjebyn, Sweden",73.29,813.2,174.0,YES
11,SAT_014,"Punta Arenas, Chile",82.76,919.1,74.7,YES
12,SAT_067,"Pendergrass, USA",87.1,967.5,29.1,YES
13,SAT_132,"Dubai, UAE",54.24,600.3,402.5,YES
14,SAT_132,"Dubai, UAE",33.61,369.8,788.1,YES
15,SAT_132,"Dubai, UAE",21.64,235.9,1174.3,YES
16,SAT_089,"Deadhorse, USA",17.19,186.3,1399.9,YES
17,SAT_067,"Mojave, USA",27.29,299.1,971.4,YES
18,SAT_067,"Mojave, USA",45.09,498.1,548.2,YES
19,SAT_066,"Mojave, USA",78.03,866.2,121.1,YES
20,SAT_086,"North Pole, USA",76.44,848.5,139.6,YES
21,SAT_085,"North Pole, USA",61.35,679.8,312.5,YES
22,SAT_085,"North Pole, USA",36.65,403.7,723.9,YES
23,SAT_146,Singapore,24.66,269.7,1052.1,YES
24,SAT_146,Singapore,38.58,425.3,668.3,YES
25,SAT_146,Singapore,62.99,698.2,285.7,YES
26,SAT_146,Singapore,79.11,878.3,108.8,YES
27,SAT_118,"Seoul, South Korea",77.85,864.2,122.7,YES
28,SAT_108,"Obihiro, Japan",83.53,927.7,64.9,YES
29,SAT_063,"Kapolei, USA",85.86,953.7,40.9,YES
30,SAT_186,"Dubbo, Australia",53.56,592.7,416.8,YES
31,SAT_186,"Dubbo, Australia",84.91,943.1,51.3,YES
32,SAT_170,"Alice Springs, Australia",66.3,735.1,248.2,YES
33,SAT_169,"Alice Springs, Australia",40.61,448.0,628.1,YES
34,SAT_123,"Harmon, Guam",42.75,472.0,582.1,YES
35,SAT_124,"Harmon, Guam",70.12,777.8,202.5,YES
36,SAT_126,"Harmon, Guam",72.44,803.7,177.2,YES
37,SAT_128,"Harmon, Guam",44.47,491.1,548.5,YES
38,SAT_130,"Harmon, Guam",28.6,313.7,911.8,YES
39,SAT_133,"Harmon, Guam",19.04,206.9,1266.6,YES
40,SAT_136,"Harmon, Guam",12.62,135.1,1610.1,YES
41,SAT_005,"Harmon, Guam",10.67,113.4,1745.9,YES
42,SAT_009,"Harmon, Guam",17.12,185.4,1362.5,YES
43,SAT_012,"Harmon, Guam",26.77,293.3,969.2,YES
44,SAT_014,"Harmon, Guam",43.35,478.6,567.1,YES
45,SAT_016,"Harmon, Guam",74.09,822.2,158.7,YES
46,SAT_018,"Harmon, Guam",65.1,721.7,256.8,YES
47,SAT_019,"Harmon, Guam",37.7,415.4,676.5,YES
48,SAT_091,"Dubbo, Australia",55.82,618.0,377.2,YES
49,SAT_091,"Dubbo, Australia",83.42,926.4,65.4,YES
50,SAT_075,"Alice Springs, Australia",55.91,619.0,373.7,YES
51,SAT_003,"Obihiro, Japan",55.71,616.8,375.1,YES
52,SAT_004,"Chitose, Japan",85.71,952.1,42.1,YES
53,SAT_103,"Awarua, New Zeland",86.04,955.7,39.5,YES
54,SAT_070,"Mingenew, Australia",70.98,787.4,192.8,YES
55,SAT_046,Singapore,83.6,928.5,62.0,YES
56,SAT_134,"Tahiti, French Polynesia",60.34,668.5,312.8,YES
57,SAT_135,"Tahiti, French Polynesia",80.38,892.5,94.2,YES
58,SAT_135,"Tahiti, French Polynesia",49.22,544.3,465.7,YES
59,SAT_185,"North Pole, USA",31.91,350.8,821.6,YES
60,SAT_185,"North Pole, USA",52.22,577.8,426.0,YES
61,SAT_189,"Utqiagvik, USA",80.49,893.7,94.6,YES
62,SAT_187,"Deadhorse, USA",74.56,827.4,155.5,YES
63,SAT_172,"Portland, USA",55.84,618.2,371.8,YES
64,SAT_172,"Portland, USA",87.6,973.2,23.4,YES
65,SAT_166,"Mojave, USA",86.31,958.7,35.9,YES
66,SAT_166,"Mojave, USA",56.96,630.7,355.6,YES
67,SAT_033,"Dubai, UAE",83.39,926.1,64.2,YES
68,SAT_032,"Zallaq, Bahrain",86.53,961.3,33.6,YES
69,SAT_008,"Öjebyn, Sweden",72.1,799.9,181.8,YES
70,SAT_010,"Stockholm, Sweden",87.59,973.1,23.7,YES
71,SAT_112,"Punta Arenas, Chile",60.75,673.1,317.1,YES
72,SAT_110,"Ushuaia, Argentina",85.82,953.3,42.0,YES
73,SAT_063,"Pretoria, South Africa",85.35,948.0,45.8,YES
74,SAT_069,"Cape Town, South Africa",85.87,953.9,40.8,YES
75,SAT_069,"Cape Town, South Africa",52.13,576.8,429.3,YES
76,SAT_121,"Cordoba, Argentina",51.58,570.6,438.7,YES
77,SAT_121,"Cordoba, Argentina",85.37,948.3,45.9,YES
78,SAT_121,"Cordoba, Argentina",58.03,642.6,348.4,YES
79,SAT_122,"Cordoba, Argentina",35.44,390.2,738.2,YES
80,SAT_041,"Accra, Ghana",48.17,532.4,484.2,YES
81,SAT_041,"Accra, Ghana",85.41,948.7,44.9,YES
82,SAT_041,"Accra, Ghana",54.04,598.1,397.5,YES
83,SAT_042,"Accra, Ghana",31.28,343.7,835.2,YES
84,SAT_042,"Accra, Ghana",18.95,205.9,1273.5,YES
85,SAT_042,"Accra, Ghana",11.13,118.5,1712.9,YES
86,SAT_043,"Accra, Ghana",5.49,55.5,2150.7,YES
94,SAT_135,"Accra, Ghana",5.69,57.8,2143.5,YES
95,SAT_138,"Accra, Ghana",10.45,110.9,1771.2,YES
96,SAT_139,"Accra, Ghana",16.76,181.5,1392.1,YES
97,SAT_140,"Accra, Ghana",25.85,283.0,1011.0,YES
98,SAT_140,"Accra, Ghana",40.53,447.1,629.1,YES
99,SAT_141,"Accra, Ghana",66.29,735.0,247.6,YES
100,SAT_016,"Cordoba, Argentina",83.68,929.3,64.2,YES
101,SAT_017,"Cordoba, Argentina",52.34,579.1,436.9,YES
102,SAT_017,"Cordoba, Argentina",31.38,344.8,861.2,YES
103,SAT_072,"Pendergrass, USA",52.52,581.1,429.0,YES
104,SAT_071,"Pendergrass, USA",86.2,957.6,38.0,YES
105,SAT_111,"Guildford Pole, UK",85.17,946.0,48.9,YES
106,SAT_169,"Cape Town, South Africa",79.64,884.2,105.9,YES
107,SAT_112,"Dublin, Ireland",72.52,804.7,181.6,YES
108,SAT_162,"Pretoria, South Africa",82.63,917.7,74.5,YES
109,SAT_111,"Stockholm, Sweden",77.59,861.3,127.5,YES
110,SAT_109,"Öjebyn, Sweden",80.4,892.7,98.2,YES
111,SAT_066,"Mojave, USA",78.22,868.3,119.3,YES
112,SAT_072,"Portland, USA",84.96,943.7,50.8,YES
113,SAT_072,"Portland, USA",56.08,620.9,379.7,YES
114,SAT_132,"Zallaq, Bahrain",85.6,950.8,43.9,YES
115,SAT_083,"North Pole, USA",89.25,991.6,7.6,YES
116,SAT_133,"Dubai, UAE",64.37,713.5,270.8,YES
117,SAT_133,"Dubai, UAE",39.31,433.5,655.7,YES
118,SAT_036,"Tahiti, French Polynesia",62.01,687.2,300.6,YES
119,SAT_037,"Tahiti, French Polynesia",73.52,815.8,168.4,YES
120,SAT_060,"Paumalu, USA",70.28,779.6,202.6,YES
121,SAT_059,"Kapolei, USA",67.42,747.7,234.3,YES
122,SAT_011,"Awarua, New Zeland",54.93,608.1,401.7,YES
123,SAT_012,"Awarua, New Zeland",83.35,925.7,67.9,YES
124,SAT_012,"Awarua, New Zeland",52.27,578.3,438.4,YES
125,SAT_094,"Chitose, Japan",66.23,734.4,250.6,YES
126,SAT_092,"Obihiro, Japan",73.53,815.9,168.6,YES
127,SAT_104,"Seoul, South Korea",83.31,925.2,66.9,YES
128,SAT_177,"Mingenew, Australia",84.72,941.0,53.0,YES
129,SAT_145,Singapore,64.04,709.9,271.4,YES
130,SAT_145,Singapore,77.73,862.9,122.1,YES
131,SAT_194,"Alice Springs, Australia",82.37,914.7,76.6,YES
132,SAT_077,"Harmon, Guam",48.87,540.3,477.9,YES
133,SAT_075,"Harmon, Guam",82.36,914.6,75.5,YES
134,SAT_072,"Harmon, Guam",59.81,662.6,322.6,YES
135,SAT_068,"Harmon, Guam",36.47,401.7,707.7,YES
136,SAT_064,"Harmon, Guam",23.51,256.8,1082.4,YES
137,SAT_059,"Harmon, Guam",15.44,166.7,1445.8,YES
138,SAT_189,"Harmon, Guam",12.54,134.2,1623.3,YES
139,SAT_185,"Harmon, Guam",19.09,207.5,1268.1,YES
140,SAT_182,"Harmon, Guam",28.77,315.7,906.8,YES
141,SAT_179,"Harmon, Guam",44.8,494.8,541.1,YES
142,SAT_177,"Harmon, Guam",73.04,810.4,169.8,YES
143,SAT_175,"Harmon, Guam",69.74,773.6,204.9,YES
144,SAT_098,"Alice Springs, Australia",69.93,775.7,205.5,YES
145,SAT_045,Singapore,54.27,600.6,390.7,YES
146,SAT_045,Singapore,84.6,939.7,52.3,YES
147,SAT_110,"Dubbo, Australia",86.78,964.0,31.9,YES
148,SAT_200,"Seoul, South Korea",62.89,697.0,284.2,YES
149,SAT_191,"Chitose, Japan",84.94,943.5,49.6,YES
150,SAT_189,"Obihiro, Japan",54.83,607.0,387.5,YES
151,SAT_113,"Awarua, New Zeland",36.04,396.9,725.3,YES
152,SAT_113,"Awarua, New Zeland",59.73,661.7,327.0,YES
153,SAT_113,"Awarua, New Zeland",82.15,912.3,78.4,YES
154,SAT_114,"Awarua, New Zeland",49.61,548.5,470.2,YES
155,SAT_114,"Awarua, New Zeland",30.92,339.7,858.1,YES
156,SAT_159,"Kapolei, USA",30.84,338.8,836.4,YES
157,SAT_159,"Kapolei, USA",50.18,555.0,448.1,YES
158,SAT_159,"Kapolei, USA",83.73,929.9,60.7,YES
159,SAT_032,"Zallaq, Bahrain",72.14,800.3,177.7,YES
160,SAT_187,"Utqiagvik, USA",77.96,865.4,120.3,YES
161,SAT_183,"North Pole, USA",82.32,914.1,76.0,YES
162,SAT_009,"Sodankylä, Finland",62.46,692.2,291.1,YES
163,SAT_009,"Sodankylä, Finland",76.68,851.1,133.4,YES
164,SAT_013,"Stockholm, Sweden",78.67,873.4,112.7,YES
165,SAT_061,"Pretoria, South Africa",72.1,799.9,180.2,YES
166,SAT_015,"Dublin, Ireland",80.26,891.2,96.4,YES
167,SAT_012,"Dundee, Scotland",80.8,897.1,91.3,YES
168,SAT_015,"Guildford Pole, UK",76.39,847.9,135.9,YES
169,SAT_167,"Mojave, USA",45.66,504.4,524.9,YES
170,SAT_102,"Ushuaia, Argentina",61.05,676.4,314.7,YES
171,SAT_104,"Punta Arenas, Chile",82.59,917.1,74.8,YES
172,SAT_043,"Accra, Ghana",87.44,971.4,24.9,YES
173,SAT_180,"Columbus, USA",82.26,913.5,76.5,YES
174,SAT_176,"Pendergrass, USA",73.91,820.2,161.6,YES
175,SAT_176,"Pendergrass, USA",66.12,733.2,246.8,YES
176,SAT_105,"Cordoba, Argentina",53.68,594.1,411.0,YES
177,SAT_105,"Cordoba, Argentina",87.6,973.1,24.0,YES
178,SAT_105,"Cordoba, Argentina",54.15,599.3,403.4,YES
179,SAT_105,"Cordoba, Argentina",32.71,359.7,810.0,YES
180,SAT_106,"Cordoba, Argentina",20.61,224.4,1215.1,YES
181,SAT_107,"Cordoba, Argentina",12.83,137.5,1618.5,YES
182,SAT_109,"Cordoba, Argentina",7.25,75.1,2016.4,YES
189,SAT_001,"Cordoba, Argentina",8.65,90.8,2006.6,YES
190,SAT_001,"Cordoba, Argentina",14.92,160.8,1595.3,YES
191,SAT_001,"Cordoba, Argentina",23.59,257.8,1185.3,YES
192,SAT_001,"Cordoba, Argentina",36.92,406.8,777.2,YES
193,SAT_001,"Cordoba, Argentina",59.09,654.6,373.8,YES
194,SAT_200,"Cordoba, Argentina",82.69,918.3,74.3,YES
195,SAT_200,"Cordoba, Argentina",59.05,654.1,343.5,YES
196,SAT_081,"Pendergrass, USA",60.48,670.0,320.4,YES
197,SAT_081,"Pendergrass, USA",79.15,878.7,109.9,YES
198,SAT_084,"Columbus, USA",83.11,923.0,69.6,YES
199,SAT_001,"Punta Arenas, Chile",57.78,639.9,408.1,YES
200,SAT_200,"Punta Arenas, Chile",83.41,926.3,68.0,YES
201,SAT_199,"Ushuaia, Argentina",65.49,726.1,266.8,YES
202,SAT_070,"Mojave, USA",48.42,535.2,492.6,YES
203,SAT_069,"Mojave, USA",81.4,903.9,86.6,YES
204,SAT_143,"Accra, Ghana",74.19,823.3,160.7,YES
205,SAT_074,"Portland, USA",79.26,880.0,109.1,YES
206,SAT_113,"Dundee, Scotland",84.69,940.7,53.8,YES
207,SAT_116,"Dublin, Ireland",73.73,818.2,168.1,YES
208,SAT_116,"Dublin, Ireland",68.22,756.6,229.5,YES
209,SAT_166,"Cape Town, South Africa",82.17,912.4,79.7,YES
210,SAT_109,"Sodankylä, Finland",79.56,883.3,107.0,YES
211,SAT_161,"Pretoria, South Africa",75.48,837.7,148.8,YES
212,SAT_058,"Kapolei, USA",76.59,850.1,135.5,YES
213,SAT_148,"Mwulire, Rwanda",68.48,759.4,223.1,YES
214,SAT_148,"Mwulire, Rwanda",41.97,463.2,602.1,YES
215,SAT_017,"Awarua, New Zeland",34.87,383.8,774.7,YES
216,SAT_018,"Awarua, New Zeland",58.61,649.2,350.6,YES
217,SAT_131,"Zallaq, Bahrain",82.69,918.3,72.9,YES
218,SAT_131,"Dubai, UAE",71.47,792.9,189.7,YES
219,SAT_131,"Dubai, UAE",70.62,783.4,198.7,YES
220,SAT_080,"Obihiro, Japan",55.08,609.8,392.1,YES
221,SAT_080,"Obihiro, Japan",86.6,962.0,34.0,YES
222,SAT_021,"Dubbo, Australia",80.6,895.0,95.2,YES
223,SAT_086,"Seoul, South Korea",63.71,706.1,279.6,YES
224,SAT_086,"Seoul, South Korea",75.9,842.5,142.9,YES
225,SAT_059,"Harmon, Guam",63.69,706.0,275.9,YES
226,SAT_020,"Alice Springs, Australia",82.36,914.6,76.6,YES
227,SAT_001,"Mingenew, Australia",86.47,960.5,36.3,YES
228,SAT_001,"Mingenew, Australia",51.76,572.6,446.3,YES
229,SAT_002,"Mingenew, Australia",31.1,341.7,859.3,YES
230,SAT_002,"Mingenew, Australia",19.17,208.4,1275.8,YES
231,SAT_137,Singapore,26.1,285.9,990.9,YES
232,SAT_138,Singapore,41.13,453.8,608.8,YES
233,SAT_140,Singapore,67.68,750.5,228.0,YES
234,SAT_143,Singapore,74.67,828.7,152.7,YES
235,SAT_013,Singapore,50.73,561.1,447.0,YES
236,SAT_025,Singapore,72.46,803.9,176.1,YES
237,SAT_039,Singapore,74.9,831.2,149.9,YES
238,SAT_041,Singapore,42.82,472.7,573.7,YES
239,SAT_042,Singapore,25.31,277.0,1010.9,YES
240,SAT_102,"Mingenew, Australia",27.5,301.4,952.3,YES
241,SAT_103,"Mingenew, Australia",44.86,495.5,545.3,YES
242,SAT_104,"Mingenew, Australia",75.28,835.5,148.2,YES
243,SAT_104,"Mingenew, Australia",64.71,717.4,265.2,YES
244,SAT_121,"Alice Springs, Australia",82.63,917.7,72.6,YES
245,SAT_184,"Seoul, South Korea",62.36,691.0,289.8,YES
246,SAT_159,"Harmon, Guam",86.47,960.6,34.1,YES
247,SAT_159,"Harmon, Guam",51.97,575.0,422.2,YES
248,SAT_122,"Dubbo, Australia",66.82,741.0,239.1,YES
249,SAT_179,"Chitose, Japan",86.36,959.4,35.5,YES
250,SAT_029,"Dubai, UAE",77.82,863.8,119.4,YES
251,SAT_029,"Zallaq, Bahrain",83.06,922.4,67.4,YES
252,SAT_029,"Zallaq, Bahrain",47.3,522.8,494.3,YES
253,SAT_119,"Awarua, New Zeland",51.34,568.0,441.9,YES
254,SAT_119,"Awarua, New Zeland",85.0,944.1,49.6,YES
255,SAT_048,"Mwulire, Rwanda",80.66,895.6,90.8,YES
256,SAT_061,"Pretoria, South Africa",81.83,908.7,80.1,YES
257,SAT_009,"Sodankylä, Finland",75.22,834.8,148.4,YES
258,SAT_010,"Öjebyn, Sweden",80.86,897.9,90.6,YES
259,SAT_186,"Utqiagvik, USA",70.21,778.8,202.3,YES
260,SAT_186,"Deadhorse, USA",78.34,869.6,116.5,YES
261,SAT_183,"North Pole, USA",84.2,935.2,57.3,YES
262,SAT_159,"Paumalu, USA",73.52,815.8,163.4,YES
263,SAT_043,"Accra, Ghana",80.02,888.4,97.3,YES
264,SAT_137,"Tahiti, French Polynesia",80.28,891.4,95.4,YES
265,SAT_137,"Tahiti, French Polynesia",54.89,607.5,384.5,YES
266,SAT_177,"Portland, USA",54.8,606.6,388.4,YES
267,SAT_177,"Portland, USA",87.91,976.6,20.6,YES
268,SAT_092,"Ushuaia, Argentina",87.21,968.8,28.1,YES
269,SAT_093,"Punta Arenas, Chile",66.87,741.5,243.9,YES
270,SAT_173,"Mojave, USA",73.96,820.7,160.7,YES
271,SAT_194,"Columbus, USA",53.13,588.0,414.3,YES
272,SAT_194,"Columbus, USA",85.28,947.2,46.7,YES
273,SAT_194,"Pendergrass, USA",67.53,748.8,232.1,YES
274,SAT_082,"Cordoba, Argentina",73.3,813.3,170.4,YES
275,SAT_082,"Cordoba, Argentina",42.86,473.1,585.7,YES
276,SAT_081,"Cordoba, Argentina",26.1,285.8,1004.3,YES
277,SAT_080,"Cordoba, Argentina",16.22,175.4,1422.3,YES
278,SAT_078,"Cordoba, Argentina",9.54,100.7,1838.0,YES
287,SAT_097,"Pendergrass, USA",6.68,68.8,2068.4,YES
288,SAT_097,"Pendergrass, USA",12.34,132.0,1654.4,YES
289,SAT_097,"Pendergrass, USA",20.12,219.0,1240.9,YES
290,SAT_097,"Pendergrass, USA",32.17,353.6,828.0,YES
291,SAT_097,"Pendergrass, USA",53.37,590.6,416.8,YES
292,SAT_098,"Pendergrass, USA",84.17,934.9,58.6,YES
293,SAT_181,"Cordoba, Argentina",84.85,942.5,52.2,YES
294,SAT_098,"Columbus, USA",73.26,812.9,172.8,YES
295,SAT_076,"Mojave, USA",65.27,723.6,261.8,YES
296,SAT_076,"Mojave, USA",72.87,808.5,176.3,YES
297,SAT_191,"Punta Arenas, Chile",69.09,766.3,223.5,YES
298,SAT_080,"Portland, USA",87.76,975.0,22.5,YES
299,SAT_189,"Ushuaia, Argentina",58.33,646.0,358.4,YES
300,SAT_035,"Tahiti, French Polynesia",56.62,626.9,371.3,YES
301,SAT_036,"Tahiti, French Polynesia",79.41,881.6,107.1,YES
302,SAT_059,"Kapolei, USA",52.8,584.3,422.7,YES
303,SAT_059,"Kapolei, USA",85.79,953.0,42.0,YES
304,SAT_084,"North Pole, USA",81.77,908.0,84.0,YES
305,SAT_087,"Utqiagvik, USA",74.47,826.4,161.3,YES
306,SAT_087,"Utqiagvik, USA",65.8,729.5,259.5,YES
307,SAT_118,"Guildford Pole, UK",83.98,932.7,60.9,YES
308,SAT_143,"Accra, Ghana",70.24,779.1,203.3,YES
309,SAT_117,"Dublin, Ireland",74.31,824.6,161.6,YES
310,SAT_108,"Sodankylä, Finland",83.62,928.7,64.9,YES
311,SAT_166,"Cape Town, South Africa",62.77,695.7,294.4,YES
312,SAT_166,"Cape Town, South Africa",80.83,897.6,93.2,YES
313,SAT_166,"Cape Town, South Africa",49.35,545.7,480.8,YES
314,SAT_073,"Obihiro, Japan",69.32,768.9,215.1,YES
315,SAT_074,"Chitose, Japan",78.19,868.0,119.6,YES
316,SAT_148,"Mwulire, Rwanda",74.1,822.3,161.0,YES
317,SAT_055,"Harmon, Guam",80.52,894.0,94.5,YES
318,SAT_074,"Seoul, South Korea",81.19,901.5,88.4,YES
319,SAT_030,"Alice Springs, Australia",71.48,793.0,190.4,YES
320,SAT_126,"Zallaq, Bahrain",85.14,945.7,48.2,YES
321,SAT_125,"Dubai, UAE",84.0,932.9,59.5,YES
322,SAT_020,"Mingenew, Australia",61.77,684.5,303.6,YES
323,SAT_020,"Mingenew, Australia",36.0,396.4,730.5,YES
324,SAT_125,"Dubai, UAE",22.33,243.7,1134.7,YES
325,SAT_049,Singapore,23.06,251.9,1102.1,YES
326,SAT_049,Singapore,38.6,425.6,661.5,YES
327,SAT_049,Singapore,68.38,758.3,220.9,YES
328,SAT_049,Singapore,68.4,758.6,220.4,YES
329,SAT_048,Singapore,38.55,424.9,660.8,YES
330,SAT_048,Singapore,22.98,250.9,1100.8,YES
331,SAT_048,Singapore,13.74,147.7,1541.5,YES
332,SAT_115,Singapore,8.23,86.1,1923.1,YES
333,SAT_170,Singapore,11.38,121.3,1691.8,YES
334,SAT_159,Singapore,16.52,178.7,1385.6,YES
335,SAT_151,Singapore,25.25,276.3,1013.9,YES
336,SAT_150,Singapore,39.88,439.8,629.5,YES
337,SAT_149,Singapore,66.13,733.2,243.9,YES
338,SAT_149,Singapore,75.61,839.1,142.1,YES
339,SAT_149,Singapore,45.29,500.3,528.1,YES
340,SAT_020,"Dubai, UAE",36.83,405.7,694.9,YES
341,SAT_021,"Dubai, UAE",64.32,713.0,265.1,YES
342,SAT_021,"Dubai, UAE",72.89,808.8,170.7,YES
343,SAT_121,"Mingenew, Australia",77.85,864.2,120.9,YES
344,SAT_121,"Mingenew, Australia",63.66,705.6,275.8,YES
345,SAT_048,"Mwulire, Rwanda",50.2,555.1,448.2,YES
346,SAT_048,"Mwulire, Rwanda",88.96,988.4,10.0,YES
347,SAT_173,"Seoul, South Korea",87.09,967.5,28.3,YES
348,SAT_064,"Pretoria, South Africa",69.03,765.6,213.1,YES
349,SAT_155,"Harmon, Guam",67.05,743.5,232.1,YES
350,SAT_067,"Cape Town, South Africa",81.75,907.8,81.4,YES
351,SAT_172,"Obihiro, Japan",79.95,887.7,98.7,YES
352,SAT_012,"Stockholm, Sweden",85.5,949.7,44.3,YES
353,SAT_016,"Dublin, Ireland",86.92,965.6,30.2,YES
354,SAT_018,"Guildford Pole, UK",76.71,851.4,132.0,YES
355,SAT_015,"Dundee, Scotland",80.05,888.8,98.4,YES
356,SAT_121,"Awarua, New Zeland",84.26,935.8,57.1,YES
357,SAT_121,"Awarua, New Zeland",51.33,567.8,442.8,YES
358,SAT_188,"Utqiagvik, USA",67.71,750.8,230.4,YES
359,SAT_188,"Deadhorse, USA",74.55,827.3,156.0,YES
360,SAT_186,"North Pole, USA",72.59,805.4,176.6,YES
361,SAT_186,"North Pole, USA",67.65,750.2,230.8,YES
362,SAT_084,"Ushuaia, Argentina",42.68,471.1,594.6,YES
363,SAT_084,"Ushuaia, Argentina",73.09,811.0,174.1,YES
364,SAT_084,"Punta Arenas, Chile",83.57,928.1,64.7,YES
365,SAT_161,"Paumalu, USA",84.23,935.5,56.2,YES
366,SAT_186,"Portland, USA",55.47,614.1,381.0,YES
367,SAT_186,"Portland, USA",83.11,923.0,68.2,YES
368,SAT_010,"Columbus, USA",84.22,935.4,57.0,YES
369,SAT_012,"Pendergrass, USA",68.42,758.8,221.4,YES
370,SAT_186,"Mojave, USA",86.08,956.1,38.7,YES
371,SAT_186,"Mojave, USA",52.13,576.8,428.1,YES
372,SAT_186,"Mojave, USA",31.57,346.9,832.9,YES
373,SAT_185,"Mojave, USA",19.9,216.6,1236.8,YES
374,SAT_185,"Mojave, USA",12.33,131.9,1641.2,YES
375,SAT_184,"Mojave, USA",6.8,70.1,2045.1,YES
385,SAT_090,"Mojave, USA",8.03,83.9,1959.7,YES
386,SAT_090,"Mojave, USA",14.23,153.2,1539.7,YES
387,SAT_090,"Mojave, USA",23.06,251.9,1120.0,YES
388,SAT_090,"Mojave, USA",37.42,412.4,700.5,YES
389,SAT_090,"Mojave, USA",63.65,705.5,281.4,YES
390,SAT_090,"Mojave, USA",76.53,849.4,137.5,YES
391,SAT_114,"Pendergrass, USA",72.08,799.7,184.7,YES
392,SAT_032,"Tahiti, French Polynesia",84.56,939.2,54.6,YES
393,SAT_112,"Columbus, USA",79.49,882.5,106.7,YES
394,SAT_062,"Kapolei, USA",77.32,858.2,128.1,YES
395,SAT_169,"Cordoba, Argentina",81.6,906.1,85.5,YES
396,SAT_183,"Punta Arenas, Chile",55.8,617.7,391.9,YES
397,SAT_182,"Punta Arenas, Chile",83.07,922.5,71.5,YES
398,SAT_182,"Ushuaia, Argentina",78.49,871.4,119.8,YES
399,SAT_088,"North Pole, USA",83.25,924.6,68.8,YES
400,SAT_090,"Deadhorse, USA",88.32,981.2,17.1,YES
401,SAT_089,"Utqiagvik, USA",78.45,870.9,118.9,YES
402,SAT_020,"Awarua, New Zeland",66.89,741.7,247.9,YES
403,SAT_021,"Awarua, New Zeland",69.68,772.9,215.2,YES
404,SAT_021,"Awarua, New Zeland",41.44,457.2,628.4,YES
405,SAT_029,"Dubbo, Australia",39.03,430.3,671.3,YES
406,SAT_029,"Dubbo, Australia",67.11,744.1,242.3,YES
407,SAT_071,"Obihiro, Japan",78.74,874.2,114.2,YES
408,SAT_054,"Harmon, Guam",82.52,916.4,74.6,YES
409,SAT_105,"Sodankylä, Finland",88.63,984.7,13.9,YES
410,SAT_110,"Stockholm, Sweden",83.4,926.3,66.8,YES
411,SAT_069,"Seoul, South Korea",74.69,828.9,156.0,YES
412,SAT_143,"Accra, Ghana",69.82,774.5,207.2,YES
413,SAT_027,"Mingenew, Australia",57.98,642.1,354.0,YES
414,SAT_170,"Cape Town, South Africa",84.35,936.9,57.1,YES
415,SAT_170,"Cape Town, South Africa",59.19,655.7,338.2,YES
416,SAT_168,"Pretoria, South Africa",47.66,526.8,505.1,YES
417,SAT_168,"Pretoria, South Africa",78.6,872.6,115.3,YES
418,SAT_048,Singapore,75.41,837.0,146.4,YES
419,SAT_048,Singapore,61.69,683.6,300.0,YES
420,SAT_149,"Mwulire, Rwanda",74.71,829.2,153.6,YES
421,SAT_110,"Zallaq, Bahrain",85.69,951.8,42.8,YES
422,SAT_106,"Dubai, UAE",75.5,837.9,146.2,YES
423,SAT_106,"Dubai, UAE",44.57,492.2,551.2,YES
424,SAT_106,"Dubai, UAE",27.34,299.7,958.0,YES
425,SAT_107,"Dubai, UAE",17.2,186.4,1363.9,YES
426,SAT_109,"Dubai, UAE",10.41,110.5,1766.5,YES
427,SAT_115,"Dubai, UAE",5.46,55.1,2154.1,YES
431,SAT_200,"Dubai, UAE",9.3,98.0,1842.0,YES
432,SAT_200,"Dubai, UAE",15.93,172.1,1423.5,YES
433,SAT_200,"Dubai, UAE",25.68,281.2,1005.7,YES
434,SAT_200,"Dubai, UAE",42.17,465.4,589.7,YES
435,SAT_200,"Dubai, UAE",71.35,791.6,188.2,YES
436,SAT_006,"Zallaq, Bahrain",87.41,971.0,25.3,YES
437,SAT_049,"Mwulire, Rwanda",83.13,923.2,66.8,YES
438,SAT_049,"Mwulire, Rwanda",46.44,513.2,508.5,YES
439,SAT_071,"Pretoria, South Africa",72.49,804.2,176.5,YES
440,SAT_071,"Pretoria, South Africa",64.7,717.2,263.2,YES
441,SAT_148,Singapore,67.8,751.9,224.2,YES
442,SAT_073,"Cape Town, South Africa",79.24,879.8,106.9,YES
443,SAT_073,"Cape Town, South Africa",59.54,659.6,327.1,YES
444,SAT_043,"Accra, Ghana",63.88,708.1,268.1,YES
445,SAT_043,"Accra, Ghana",71.96,798.4,179.0,YES
446,SAT_128,"Mingenew, Australia",84.81,942.0,50.9,YES
447,SAT_013,"Dublin, Ireland",73.0,809.9,170.9,YES
448,SAT_003,"Sodankylä, Finland",71.58,794.2,187.2,YES
449,SAT_168,"Seoul, South Korea",80.51,894.0,92.8,YES
450,SAT_133,"Alice Springs, Australia",74.02,821.4,159.3,YES
451,SAT_133,"Alice Springs, Australia",66.9,741.8,236.4,YES
452,SAT_170,"Chitose, Japan",71.22,790.1,188.7,YES
453,SAT_170,"Obihiro, Japan",81.75,907.8,80.8,YES
454,SAT_129,"Dubbo, Australia",83.24,924.5,66.5,YES
455,SAT_129,"Dubbo, Australia",58.17,644.3,343.4,YES
456,SAT_191,"Utqiagvik, USA",49.29,545.0,473.0,YES
457,SAT_191,"Utqiagvik, USA",83.03,922.1,69.2,YES
458,SAT_192,"Deadhorse, USA",78.89,875.8,111.1,YES
459,SAT_191,"North Pole, USA",81.82,908.6,81.3,YES
460,SAT_066,"Cordoba, Argentina",66.6,738.5,242.1,YES
461,SAT_019,"Columbus, USA",52.39,579.6,421.8,YES
462,SAT_019,"Columbus, USA",88.18,979.7,17.8,YES
463,SAT_022,"Pendergrass, USA",83.46,926.9,64.2,YES
464,SAT_001,"Portland, USA",63.46,703.4,260.0,YES
465,SAT_200,"Portland, USA",78.76,874.4,112.2,YES
466,SAT_200,"Portland, USA",46.31,511.7,520.4,YES
467,SAT_005,"Mojave, USA",77.68,862.3,123.1,YES
468,SAT_168,"Kapolei, USA",79.61,883.8,102.7,YES
469,SAT_167,"Kapolei, USA",48.59,537.2,479.3,YES
470,SAT_124,"Tahiti, French Polynesia",80.07,889.1,98.9,YES
471,SAT_124,"Tahiti, French Polynesia",61.78,684.5,299.9,YES
472,SAT_124,"Tahiti, French Polynesia",37.42,412.4,691.6,YES
473,SAT_125,"Tahiti, French Polynesia",23.74,259.4,1082.4,YES
474,SAT_126,"Tahiti, French Polynesia",15.19,163.9,1471.9,YES
475,SAT_127,"Tahiti, French Polynesia",9.19,96.8,1858.4,YES
479,SAT_002,"Tahiti, French Polynesia",8.16,85.3,2029.3,YES
480,SAT_016,"Tahiti, French Polynesia",13.09,140.5,1604.6,YES
481,SAT_018,"Tahiti, French Polynesia",21.51,234.5,1179.2,YES
482,SAT_018,"Tahiti, French Polynesia",35.13,386.8,751.8,YES
483,SAT_019,"Tahiti, French Polynesia",60.36,668.8,321.4,YES
484,SAT_019,"Tahiti, French Polynesia",78.52,871.7,116.3,YES
485,SAT_071,"Kapolei, USA",52.02,575.6,433.7,YES
486,SAT_071,"Kapolei, USA",89.84,998.2,1.6,YES
487,SAT_108,"Mojave, USA",75.45,837.4,148.6,YES
488,SAT_108,"Mojave, USA",65.92,730.9,254.9,YES
489,SAT_103,"Portland, USA",63.91,708.5,279.6,YES
490,SAT_103,"Portland, USA",77.08,855.6,132.3,YES
491,SAT_103,"Portland, USA",46.11,509.5,535.7,YES
492,SAT_124,"Pendergrass, USA",47.4,523.9,508.7,YES
493,SAT_124,"Pendergrass, USA",77.96,865.5,122.0,YES
494,SAT_121,"Columbus, USA",83.15,923.4,69.0,YES
495,SAT_094,"North Pole, USA",76.62,850.5,138.1,YES
496,SAT_094,"Deadhorse, USA",82.67,918.1,74.9,YES
497,SAT_093,"Utqiagvik, USA",76.47,848.7,140.0,YES
498,SAT_028,"Dubbo, Australia",78.02,866.1,122.7,YES
499,SAT_054,"Harmon, Guam",80.64,895.4,93.8,YES
500,SAT_071,"Chitose, Japan",80.14,889.8,99.8,YES
501,SAT_033,"Alice Springs, Australia",67.93,753.3,231.8,YES
502,SAT_034,"Alice Springs, Australia",66.89,741.7,243.5,YES
503,SAT_067,"Seoul, South Korea",78.96,876.6,111.6,YES
504,SAT_067,"Seoul, South Korea",47.48,524.8,507.1,YES
505,SAT_030,"Mingenew, Australia",65.55,726.7,260.0,YES
506,SAT_030,"Mingenew, Australia",72.93,809.3,176.2,YES
507,SAT_100,"Sodankylä, Finland",75.97,843.2,144.7,YES
508,SAT_111,"Dundee, Scotland",80.19,890.4,99.6,YES
509,SAT_104,"Stockholm, Sweden",87.42,971.2,26.0,YES
510,SAT_109,"Dublin, Ireland",76.72,851.6,135.6,YES
511,SAT_109,"Dublin, Ireland",45.96,507.8,534.9,YES
512,SAT_109,"Dublin, Ireland",28.45,312.1,936.0,YES
513,SAT_181,"Cape Town, South Africa",29.06,318.9,926.3,YES
514,SAT_181,"Cape Town, South Africa",46.53,514.2,528.3,YES
515,SAT_181,"Cape Town, South Africa",77.14,856.3,131.4,YES
516,SAT_142,"Accra, Ghana",66.61,738.6,241.9,YES
517,SAT_079,"Dubai, UAE",57.63,638.3,353.7,YES
518,SAT_083,"Zallaq, Bahrain",83.31,925.2,66.5,YES
519,SAT_185,"Pretoria, South Africa",63.97,709.1,276.4,YES
520,SAT_184,"Pretoria, South Africa",38.28,422.0,677.9,YES
521,SAT_184,"Pretoria, South Africa",23.91,261.4,1081.0,YES
522,SAT_156,"Mwulire, Rwanda",30.07,330.2,870.2,YES
523,SAT_156,"Mwulire, Rwanda",48.27,533.6,484.2,YES
524,SAT_155,"Mwulire, Rwanda",80.02,888.4,98.5,YES
525,SAT_153,"Mwulire, Rwanda",62.63,694.1,286.2,YES
526,SAT_082,"Mwulire, Rwanda",40.54,447.2,623.2,YES
527,SAT_066,"Mwulire, Rwanda",63.25,701.1,279.1,YES
528,SAT_057,"Mwulire, Rwanda",76.01,843.6,138.7,YES
529,SAT_056,"Mwulire, Rwanda",42.82,472.7,574.5,YES
530,SAT_055,"Mwulire, Rwanda",25.28,276.7,1013.5,YES
531,SAT_089,"Pretoria, South Africa",32.81,360.8,799.8,YES
532,SAT_089,"Pretoria, South Africa",55.69,616.5,378.1,YES
533,SAT_089,"Pretoria, South Africa",85.43,948.9,45.2,YES
534,SAT_181,"Zallaq, Bahrain",85.46,949.3,44.3,YES
535,SAT_176,"Dubai, UAE",70.71,784.4,194.2,YES
536,SAT_085,"Cape Town, South Africa",75.48,837.7,146.4,YES
537,SAT_085,"Cape Town, South Africa",43.91,484.9,564.6,YES
538,SAT_085,"Cape Town, South Africa",26.6,291.4,987.0,YES
539,SAT_006,"Dublin, Ireland",29.17,320.1,895.8,YES
540,SAT_006,"Dublin, Ireland",48.96,541.4,474.0,YES
541,SAT_006,"Dublin, Ireland",84.46,938.1,54.5,YES
542,SAT_001,"Stockholm, Sweden",83.44,926.6,55.7,YES
543,SAT_008,"Dundee, Scotland",78.79,874.7,111.3,YES
544,SAT_198,"Sodankylä, Finland",84.03,933.2,59.1,YES
545,SAT_147,Singapore,68.99,765.2,210.9,YES
546,SAT_147,Singapore,69.41,769.8,206.3,YES
547,SAT_147,Singapore,42.12,464.8,582.4,YES
548,SAT_130,"Mingenew, Australia",55.92,619.2,372.1,YES
549,SAT_131,"Mingenew, Australia",79.64,884.2,102.3,YES
550,SAT_131,"Mingenew, Australia",52.15,577.0,424.7,YES
551,SAT_077,"Ushuaia, Argentina",80.77,896.8,92.8,YES
552,SAT_076,"Punta Arenas, Chile",80.82,897.4,92.2,YES
553,SAT_133,"Alice Springs, Australia",62.07,687.8,293.2,YES
554,SAT_133,"Alice Springs, Australia",79.72,885.2,101.3,YES
555,SAT_195,"Utqiagvik, USA",81.11,900.7,88.6,YES
556,SAT_197,"Deadhorse, USA",62.52,692.9,291.5,YES
557,SAT_155,"Harmon, Guam",86.11,956.6,37.7,YES
558,SAT_114,"Awarua, New Zeland",65.08,721.4,263.5,YES
559,SAT_114,"Awarua, New Zeland",75.91,842.5,143.1,YES
560,SAT_011,"Portland, USA",82.7,918.5,72.1,YES
561,SAT_018,"Mojave, USA",66.17,733.6,246.1,YES
562,SAT_019,"Mojave, USA",70.15,778.1,201.6,YES
563,SAT_019,"Mojave, USA",40.64,448.4,620.1,YES
564,SAT_019,"Mojave, USA",24.48,267.7,1049.4,YES
565,SAT_190,"Paumalu, USA",17.68,191.7,1341.3,YES
566,SAT_190,"Paumalu, USA",28.12,308.4,933.0,YES
567,SAT_191,"Paumalu, USA",46.08,509.1,524.2,YES
568,SAT_191,"Paumalu, USA",78.56,872.2,114.2,YES
569,SAT_088,"Tahiti, French Polynesia",74.74,829.5,154.8,YES
570,SAT_088,"Tahiti, French Polynesia",64.59,716.1,267.8,YES
571,SAT_087,"Tahiti, French Polynesia",37.79,416.5,687.2,YES
572,SAT_085,"Tahiti, French Polynesia",23.24,253.9,1106.3,YES
573,SAT_081,"Tahiti, French Polynesia",14.42,155.3,1520.8,YES
574,SAT_068,"Tahiti, French Polynesia",8.63,90.6,1901.6,YES
575,SAT_001,"Tahiti, French Polynesia",13.48,144.8,1643.2,YES
576,SAT_001,"Tahiti, French Polynesia",19.26,209.4,1341.6,YES
577,SAT_187,"Tahiti, French Polynesia",28.43,311.9,933.5,YES
578,SAT_186,"Tahiti, French Polynesia",46.04,508.7,531.7,YES
579,SAT_185,"Tahiti, French Polynesia",77.13,856.1,130.9,YES
580,SAT_095,"Kapolei, USA",88.68,985.2,13.2,YES
581,SAT_096,"Paumalu, USA",55.31,612.2,388.5,YES
582,SAT_096,"Paumalu, USA",33.23,365.5,800.8,YES
583,SAT_096,"Paumalu, USA",20.82,226.9,1214.3,YES
584,SAT_097,"Paumalu, USA",12.9,138.3,1627.3,YES
585,SAT_120,"Mojave, USA",18.72,203.4,1304.6,YES
586,SAT_120,"Mojave, USA",29.18,320.2,912.1,YES
587,SAT_120,"Mojave, USA",46.68,515.8,521.1,YES
588,SAT_120,"Mojave, USA",75.88,842.2,144.0,YES
589,SAT_012,"Awarua, New Zeland",82.36,914.6,78.6,YES
590,SAT_025,"Dubbo, Australia",83.11,923.0,70.0,YES
591,SAT_100,"North Pole, USA",57.75,639.6,360.5,YES
592,SAT_100,"North Pole, USA",84.53,938.8,55.7,YES
593,SAT_032,"Alice Springs, Australia",79.8,886.0,103.6,YES
594,SAT_097,"Utqiagvik, USA",68.9,764.2,223.6,YES
595,SAT_068,"Seoul, South Korea",84.94,943.5,50.8,YES
596,SAT_127,"Pendergrass, USA",82.14,912.2,79.0,YES
597,SAT_030,"Mingenew, Australia",78.34,869.7,119.0,YES
598,SAT_176,"Punta Arenas, Chile",62.42,691.7,303.3,YES
599,SAT_176,"Punta Arenas, Chile",81.23,902.0,90.5,YES
600,SAT_047,Singapore,81.92,909.7,80.7,YES
601,SAT_164,"Cordoba, Argentina",71.26,790.6,195.0,YES
602,SAT_164,"Cordoba, Argentina",43.58,481.2,579.8,YES
603,SAT_094,"Sodankylä, Finland",39.39,434.4,666.9,YES
604,SAT_094,"Sodankylä, Finland",65.7,728.4,259.9,YES
605,SAT_095,"Öjebyn, Sweden",78.28,869.0,120.1,YES
606,SAT_095,"Öjebyn, Sweden",60.37,668.9,324.7,YES
607,SAT_096,"Stockholm, Sweden",84.73,941.1,53.3,YES
608,SAT_100,"Dublin, Ireland",74.82,830.3,156.0,YES
609,SAT_104,"Guildford Pole, UK",72.8,807.8,177.2,YES
610,SAT_066,"Dubai, UAE",64.56,715.7,267.3,YES
611,SAT_066,"Dubai, UAE",72.4,803.2,179.1,YES
612,SAT_069,"Zallaq, Bahrain",65.8,729.5,252.6,YES
613,SAT_200,"Cape Town, South Africa",61.69,683.6,307.6,YES
614,SAT_200,"Cape Town, South Africa",79.25,879.8,109.3,YES
615,SAT_011,"Pretoria, South Africa",83.47,927.1,65.5,YES
616,SAT_011,"Pretoria, South Africa",57.11,632.4,362.9,YES
617,SAT_043,"Mwulire, Rwanda",39.65,437.2,640.6,YES
618,SAT_043,"Mwulire, Rwanda",70.3,779.8,200.0,YES
619,SAT_134,"Accra, Ghana",86.72,963.4,32.1,YES
620,SAT_134,"Accra, Ghana",57.08,632.1,356.5,YES
621,SAT_135,"Accra, Ghana",34.86,383.8,743.2,YES
622,SAT_137,"Accra, Ghana",22.26,242.9,1128.6,YES
623,SAT_008,"Accra, Ghana",14.7,158.4,1494.6,YES
624,SAT_026,"Accra, Ghana",22.99,251.0,1100.8,YES
625,SAT_030,"Accra, Ghana",38.2,421.0,666.4,YES
626,SAT_031,"Accra, Ghana",67.56,749.2,228.6,YES
627,SAT_032,"Accra, Ghana",69.11,766.6,211.2,YES
628,SAT_143,"Mwulire, Rwanda",77.09,855.7,127.2,YES
629,SAT_143,"Mwulire, Rwanda",64.6,716.1,261.4,YES
630,SAT_114,"Pretoria, South Africa",49.05,542.3,474.0,YES
631,SAT_114,"Pretoria, South Africa",82.28,913.7,76.3,YES
632,SAT_103,"Cape Town, South Africa",80.82,897.4,91.5,YES
633,SAT_104,"Cape Town, South Africa",59.32,657.1,331.9,YES
634,SAT_167,"Zallaq, Bahrain",36.06,397.1,709.9,YES
635,SAT_167,"Zallaq, Bahrain",59.84,662.9,318.1,YES
636,SAT_167,"Zallaq, Bahrain",82.16,912.3,76.4,YES
637,SAT_001,"Guildford Pole, UK",84.48,938.3,46.9,YES
638,SAT_001,"Dundee, Scotland",73.1,811.1,146.8,YES
639,SAT_193,"Stockholm, Sweden",82.65,917.8,72.7,YES
640,SAT_193,"Öjebyn, Sweden",64.83,718.7,262.7,YES
641,SAT_192,"Sodankylä, Finland",75.11,833.6,149.6,YES
642,SAT_192,"Sodankylä, Finland",63.6,705.0,277.5,YES
643,SAT_065,"Cordoba, Argentina",86.68,962.9,32.5,YES
644,SAT_077,"Ushuaia, Argentina",63.19,700.4,285.2,YES
645,SAT_076,"Punta Arenas, Chile",79.3,880.4,107.6,YES
646,SAT_076,"Punta Arenas, Chile",55.94,619.4,378.3,YES
647,SAT_028,"Pendergrass, USA",80.88,898.1,89.1,YES
648,SAT_028,"Pendergrass, USA",55.75,617.2,371.3,YES
649,SAT_147,Singapore,71.19,789.8,187.5,YES
650,SAT_147,Singapore,67.52,748.8,227.4,YES
651,SAT_002,"Deadhorse, USA",61.64,683.1,266.7,YES
652,SAT_200,"Utqiagvik, USA",85.44,949.0,45.2,YES
653,SAT_004,"North Pole, USA",81.05,900.0,89.1,YES
654,SAT_170,"Seoul, South Korea",88.47,982.9,14.9,YES
655,SAT_025,"Mojave, USA",57.77,639.8,346.4,YES
656,SAT_176,"Chitose, Japan",82.22,913.1,76.7,YES
657,SAT_130,"Alice Springs, Australia",87.14,968.0,28.1,YES
658,SAT_104,"Awarua, New Zeland",73.85,819.5,165.7,YES
659,SAT_120,"Dubbo, Australia",86.5,960.9,34.8,YES
660,SAT_158,"Harmon, Guam",64.5,715.0,263.5,YES
661,SAT_158,"Harmon, Guam",76.28,846.7,136.0,YES
662,SAT_065,"Tahiti, French Polynesia",64.24,712.0,269.5,YES
663,SAT_065,"Tahiti, French Polynesia",72.89,808.8,172.9,YES
664,SAT_020,"Kapolei, USA",73.41,814.6,166.9,YES
665,SAT_020,"Kapolei, USA",41.89,462.3,597.3,YES
666,SAT_020,"Kapolei, USA",25.11,274.7,1029.7,YES
667,SAT_021,"Kapolei, USA",15.32,165.4,1461.4,YES
668,SAT_021,"Kapolei, USA",8.69,91.2,1893.4,YES
675,SAT_121,"Kapolei, USA",8.16,85.4,1942.3,YES
676,SAT_121,"Kapolei, USA",13.95,150.1,1549.2,YES
677,SAT_121,"Kapolei, USA",21.97,239.7,1157.1,YES
678,SAT_122,"Kapolei, USA",34.5,379.7,763.9,YES
679,SAT_122,"Kapolei, USA",56.44,624.9,371.2,YES
680,SAT_122,"Paumalu, USA",89.31,992.3,6.8,YES
681,SAT_060,"Harmon, Guam",87.33,970.2,26.5,YES
682,SAT_163,"Tahiti, French Polynesia",64.68,717.0,268.8,YES
683,SAT_017,"Dubbo, Australia",76.83,852.8,135.5,YES
684,SAT_001,"Awarua, New Zeland",84.42,937.6,64.3,YES
685,SAT_079,"Obihiro, Japan",72.28,802.0,183.1,YES
686,SAT_079,"Chitose, Japan",76.48,848.9,138.3,YES
687,SAT_072,"Seoul, South Korea",78.65,873.1,115.1,YES
688,SAT_072,"Seoul, South Korea",60.5,670.3,320.8,YES
689,SAT_029,"Mingenew, Australia",78.72,874.0,115.0,YES
690,SAT_105,"North Pole, USA",75.54,838.4,149.6,YES
691,SAT_102,"Utqiagvik, USA",79.33,880.7,109.6,YES
692,SAT_103,"Deadhorse, USA",66.35,735.7,253.1,YES
693,SAT_103,"Deadhorse, USA",40.26,444.0,650.6,YES
694,SAT_103,"Deadhorse, USA",25.35,277.4,1052.7,YES
695,SAT_124,"Columbus, USA",17.15,185.8,1385.7,YES
696,SAT_124,"Columbus, USA",26.59,291.3,996.0,YES
697,SAT_124,"Columbus, USA",42.01,463.6,606.3,YES
698,SAT_124,"Columbus, USA",69.19,767.4,216.7,YES
699,SAT_127,"Pendergrass, USA",74.89,831.2,153.9,YES
700,SAT_178,"Punta Arenas, Chile",82.59,917.2,76.3,YES
701,SAT_089,"Sodankylä, Finland",78.62,872.9,116.5,YES
702,SAT_062,"Dubai, UAE",76.85,853.0,132.6,YES
703,SAT_089,"Stockholm, Sweden",80.46,893.4,97.1,YES
704,SAT_167,"Cordoba, Argentina",64.84,718.8,268.0,YES
705,SAT_090,"Dublin, Ireland",84.04,933.4,60.1,YES
706,SAT_093,"Guildford Pole, UK",86.39,959.7,36.3,YES
707,SAT_093,"Guildford Pole, UK",55.98,619.7,380.4,YES
708,SAT_025,"Pretoria, South Africa",81.39,903.8,86.6,YES
709,SAT_045,"Mwulire, Rwanda",77.56,860.9,124.4,YES
710,SAT_045,"Mwulire, Rwanda",60.39,669.1,316.3,YES
711,SAT_045,"Mwulire, Rwanda",34.5,379.7,756.6,YES
712,SAT_045,"Mwulire, Rwanda",20.75,226.1,1197.1,YES
713,SAT_063,"Accra, Ghana",12.81,137.2,1607.0,YES
714,SAT_063,"Accra, Ghana",21.38,233.1,1169.5,YES
715,SAT_063,"Accra, Ghana",35.43,390.1,732.2,YES
716,SAT_062,"Accra, Ghana",62.05,687.6,294.3,YES
717,SAT_062,"Accra, Ghana",75.55,838.5,144.1,YES
718,SAT_062,"Accra, Ghana",42.54,469.5,582.4,YES
719,SAT_061,"Accra, Ghana",25.2,275.8,1020.5,YES
720,SAT_020,"Accra, Ghana",15.39,166.1,1452.7,YES
721,SAT_161,"Accra, Ghana",23.59,257.8,1076.5,YES
722,SAT_160,"Accra, Ghana",37.18,409.7,687.9,YES
723,SAT_160,"Accra, Ghana",61.46,681.1,299.3,YES
724,SAT_160,"Accra, Ghana",80.83,897.5,89.8,YES
725,SAT_160,"Accra, Ghana",48.41,535.1,478.2,YES
726,SAT_160,"Accra, Ghana",29.89,328.2,867.0,YES
727,SAT_160,"Accra, Ghana",19.09,207.5,1255.8,YES
728,SAT_145,"Mwulire, Rwanda",11.94,127.6,1643.9,YES
729,SAT_145,"Mwulire, Rwanda",19.01,206.6,1257.9,YES
730,SAT_145,"Mwulire, Rwanda",29.64,325.4,871.9,YES
731,SAT_145,"Mwulire, Rwanda",47.8,528.3,485.9,YES
732,SAT_145,"Mwulire, Rwanda",79.67,884.6,100.7,YES
733,SAT_127,"Pretoria, South Africa",84.59,939.5,53.1,YES
734,SAT_190,"Guildford Pole, UK",81.77,908.0,81.3,YES
735,SAT_068,"Cordoba, Argentina",83.96,932.5,59.4,YES
736,SAT_192,"Dundee, Scotland",66.93,742.1,238.2,YES
737,SAT_186,"Stockholm, Sweden",68.75,762.5,217.4,YES
738,SAT_081,"Ushuaia, Argentina",73.29,813.3,170.8,YES
739,SAT_188,"Öjebyn, Sweden",84.52,938.8,54.1,YES
740,SAT_161,"Dubai, UAE",87.04,966.9,28.6,YES
741,SAT_161,"Dubai, UAE",52.31,578.7,417.5,YES
742,SAT_161,"Dubai, UAE",32.01,351.9,806.4,YES
743,SAT_161,"Dubai, UAE",20.41,222.2,1195.2,YES
744,SAT_027,"Mojave, USA",25.77,282.1,995.3,YES
745,SAT_027,"Mojave, USA",43.6,481.4,559.2,YES
746,SAT_027,"Mojave, USA",77.5,860.3,123.1,YES
747,SAT_021,"Portland, USA",81.61,906.2,82.5,YES
748,SAT_004,"Utqiagvik, USA",85.38,948.3,45.8,YES
749,SAT_008,"North Pole, USA",64.28,712.5,269.6,YES
750,SAT_008,"North Pole, USA",37.41,412.2,691.4,YES
751,SAT_148,Singapore,27.89,305.9,924.6,YES
752,SAT_148,Singapore,44.56,492.2,541.0,YES
753,SAT_148,Singapore,73.06,810.6,168.6,YES
754,SAT_059,"Tahiti, French Polynesia",85.49,949.6,44.2,YES
755,SAT_125,"Mingenew, Australia",79.69,884.8,102.6,YES
756,SAT_092,"Awarua, New Zeland",80.85,897.7,92.5,YES
757,SAT_188,"Obihiro, Japan",67.39,747.3,233.6,YES
758,SAT_121,"Alice Springs, Australia",42.53,469.4,589.2,YES
759,SAT_121,"Alice Springs, Australia",70.36,780.5,201.2,YES
760,SAT_105,"Dubbo, Australia",70.89,786.4,196.9,YES
761,SAT_120,"Alice Springs, Australia",42.35,467.5,592.4,YES
762,SAT_173,"Harmon, Guam",41.04,452.8,613.6,YES
763,SAT_174,"Harmon, Guam",68.46,759.2,221.0,YES
764,SAT_174,"Harmon, Guam",72.6,805.5,176.1,YES
765,SAT_175,"Harmon, Guam",43.37,478.8,571.5,YES
766,SAT_175,"Harmon, Guam",27.08,296.8,966.4,YES
767,SAT_177,"Harmon, Guam",17.33,187.8,1361.3,YES
768,SAT_182,"Harmon, Guam",10.72,113.9,1754.3,YES
769,SAT_069,"Harmon, Guam",11.59,123.6,1692.5,YES
770,SAT_074,"Harmon, Guam",19.33,210.2,1268.0,YES
771,SAT_075,"Harmon, Guam",31.5,346.2,839.3,YES
772,SAT_076,"Harmon, Guam",53.57,592.8,410.3,YES
773,SAT_077,"Harmon, Guam",87.43,971.3,25.5,YES
774,SAT_077,"Harmon, Guam",51.1,565.3,447.5,YES
775,SAT_018,"Alice Springs, Australia",36.99,407.6,711.0,YES
776,SAT_018,"Alice Springs, Australia",63.66,705.6,281.9,YES
777,SAT_001,"Dubbo, Australia",88.29,980.9,19.1,YES
778,SAT_200,"Dubbo, Australia",59.6,660.2,336.5,YES
779,SAT_091,"Obihiro, Japan",48.06,531.3,500.2,YES
780,SAT_091,"Obihiro, Japan",81.81,908.5,82.9,YES
781,SAT_023,"Mingenew, Australia",81.23,902.0,89.2,YES
782,SAT_188,"Awarua, New Zeland",71.68,795.2,193.5,YES
783,SAT_132,"Kapolei, USA",77.94,865.3,121.6,YES
784,SAT_158,"Tahiti, French Polynesia",65.34,724.4,261.0,YES
785,SAT_158,"Tahiti, French Polynesia",77.49,860.2,127.1,YES
786,SAT_158,"Tahiti, French Polynesia",47.36,523.4,510.6,YES
787,SAT_158,"Tahiti, French Polynesia",29.83,327.5,895.3,YES
788,SAT_109,"North Pole, USA",39.06,430.6,673.4,YES
789,SAT_109,"North Pole, USA",64.32,713.0,276.6,YES
790,SAT_105,"Utqiagvik, USA",81.28,902.5,89.3,YES
791,SAT_106,"Deadhorse, USA",62.25,689.8,302.8,YES
792,SAT_121,"Portland, USA",76.08,844.5,142.3,YES
793,SAT_127,"Mojave, USA",79.61,883.8,104.9,YES
794,SAT_060,"Dubai, UAE",74.69,828.9,155.6,YES
795,SAT_061,"Zallaq, Bahrain",81.32,902.9,87.0,YES
796,SAT_086,"Sodankylä, Finland",85.71,952.0,43.6,YES
797,SAT_085,"Öjebyn, Sweden",78.15,867.6,121.4,YES
798,SAT_083,"Stockholm, Sweden",88.15,979.3,18.7,YES
799,SAT_083,"Stockholm, Sweden",54.14,599.2,408.3,YES
800,SAT_030,"Pretoria, South Africa",83.34,925.5,67.1,YES
801,SAT_124,"Pendergrass, USA",82.23,913.2,77.8,YES
802,SAT_084,"Guildford Pole, UK",70.02,776.7,207.9,YES
803,SAT_084,"Guildford Pole, UK",40.84,450.6,629.2,YES
804,SAT_174,"Cordoba, Argentina",42.67,471.0,596.5,YES
805,SAT_174,"Cordoba, Argentina",69.91,775.5,209.3,YES
806,SAT_175,"Cordoba, Argentina",70.81,785.5,199.1,YES
807,SAT_052,"Accra, Ghana",59.39,657.9,328.6,YES
808,SAT_052,"Accra, Ghana",77.91,864.9,120.4,YES
809,SAT_052,"Accra, Ghana",44.15,487.6,555.4,YES
810,SAT_052,"Accra, Ghana",26.06,285.4,995.1,YES
811,SAT_052,"Accra, Ghana",15.72,169.9,1435.2,YES
812,SAT_052,"Accra, Ghana",8.83,92.8,1875.6,YES
822,SAT_151,"Accra, Ghana",5.75,58.4,2112.3,YES
823,SAT_152,"Accra, Ghana",10.72,113.9,1726.4,YES
824,SAT_152,"Accra, Ghana",17.3,187.5,1340.2,YES
825,SAT_152,"Accra, Ghana",26.94,295.2,954.1,YES
826,SAT_152,"Accra, Ghana",42.96,474.2,568.5,YES
827,SAT_152,"Accra, Ghana",71.3,791.0,186.5,YES
828,SAT_077,"Cordoba, Argentina",76.88,853.4,131.3,YES
829,SAT_077,"Cordoba, Argentina",43.99,485.8,560.7,YES
830,SAT_022,"Pendergrass, USA",41.94,462.8,589.9,YES
831,SAT_022,"Pendergrass, USA",74.25,823.9,156.5,YES
832,SAT_019,"Columbus, USA",81.35,903.4,84.8,YES
833,SAT_085,"Punta Arenas, Chile",86.57,961.7,34.2,YES
834,SAT_184,"Dundee, Scotland",76.2,845.7,137.7,YES
835,SAT_180,"Dublin, Ireland",83.45,926.8,64.4,YES
836,SAT_131,"Pretoria, South Africa",80.12,889.6,97.3,YES
837,SAT_181,"Stockholm, Sweden",75.52,838.2,144.8,YES
838,SAT_027,"Mojave, USA",79.31,880.5,104.7,YES
839,SAT_185,"Sodankylä, Finland",81.93,909.8,80.0,YES
840,SAT_021,"Portland, USA",67.98,753.8,224.5,YES
841,SAT_161,"Zallaq, Bahrain",56.34,623.8,362.2,YES
842,SAT_161,"Zallaq, Bahrain",87.06,967.1,28.5,YES
843,SAT_010,"North Pole, USA",84.3,936.3,56.3,YES
844,SAT_006,"Utqiagvik, USA",64.08,710.3,272.2,YES
845,SAT_057,"Tahiti, French Polynesia",76.94,854.1,129.0,YES
846,SAT_057,"Tahiti, French Polynesia",59.68,661.1,321.7,YES
847,SAT_034,"Kapolei, USA",81.02,899.6,87.6,YES
848,SAT_034,"Kapolei, USA",56.14,621.6,365.7,YES
849,SAT_081,"Awarua, New Zeland",34.11,375.4,778.1,YES
850,SAT_081,"Awarua, New Zeland",57.64,638.4,356.8,YES
851,SAT_081,"Awarua, New Zeland",80.29,891.5,97.8,YES
852,SAT_081,"Awarua, New Zeland",47.7,527.2,502.9,YES
853,SAT_002,"Obihiro, Japan",65.62,727.5,237.8,YES
854,SAT_200,"Chitose, Japan",76.99,854.6,130.4,YES
855,SAT_192,"Seoul, South Korea",74.48,826.5,156.5,YES
856,SAT_084,"Dubbo, Australia",80.88,898.0,91.6,YES
857,SAT_148,Singapore,76.93,854.0,129.5,YES
858,SAT_148,Singapore,65.11,721.9,257.3,YES
859,SAT_096,"Alice Springs, Australia",78.08,866.7,120.3,YES
860,SAT_019,"Harmon, Guam",64.49,714.8,266.4,YES
861,SAT_019,"Harmon, Guam",73.55,816.1,165.9,YES
862,SAT_018,"Harmon, Guam",41.95,463.0,598.0,YES
863,SAT_017,"Harmon, Guam",25.25,276.3,1028.2,YES
864,SAT_015,"Harmon, Guam",15.54,167.8,1455.2,YES
865,SAT_009,"Harmon, Guam",9.09,95.7,1871.7,YES
866,SAT_133,"Harmon, Guam",8.99,94.6,1872.6,YES
867,SAT_127,"Harmon, Guam",14.75,159.0,1498.7,YES
868,SAT_125,"Harmon, Guam",23.03,251.6,1111.7,YES
869,SAT_124,"Harmon, Guam",36.21,398.8,721.1,YES
870,SAT_123,"Harmon, Guam",59.48,658.9,330.0,YES
871,SAT_123,"Harmon, Guam",83.55,927.9,64.3,YES
872,SAT_191,"Alice Springs, Australia",86.33,959.0,37.0,YES
873,SAT_048,Singapore,62.26,690.0,295.0,YES
874,SAT_010,"Mingenew, Australia",84.11,934.1,59.7,YES
875,SAT_181,"Dubbo, Australia",68.69,761.8,224.6,YES
876,SAT_095,"Seoul, South Korea",79.98,888.0,101.6,YES
877,SAT_104,"Chitose, Japan",66.82,740.9,244.9,YES
878,SAT_106,"Obihiro, Japan",75.63,839.4,147.4,YES
879,SAT_106,"Obihiro, Japan",45.73,505.2,541.6,YES
880,SAT_179,"Awarua, New Zeland",46.32,511.8,537.6,YES
881,SAT_179,"Awarua, New Zeland",75.82,841.6,147.6,YES
882,SAT_179,"Awarua, New Zeland",66.03,732.1,258.6,YES
883,SAT_179,"Awarua, New Zeland",40.47,446.4,650.9,YES
884,SAT_061,"Dubai, UAE",49.17,543.7,478.4,YES
885,SAT_061,"Dubai, UAE",85.75,952.5,42.5,YES
886,SAT_134,"Paumalu, USA",82.48,916.0,75.2,YES
887,SAT_061,"Zallaq, Bahrain",58.87,652.1,339.7,YES
888,SAT_156,"Tahiti, French Polynesia",76.64,850.6,135.9,YES
889,SAT_107,"Utqiagvik, USA",84.13,934.4,59.8,YES
890,SAT_108,"Deadhorse, USA",72.56,805.1,181.9,YES
891,SAT_084,"Sodankylä, Finland",81.6,906.1,85.7,YES
892,SAT_080,"Stockholm, Sweden",82.29,913.8,78.3,YES
893,SAT_027,"Cape Town, South Africa",75.22,834.8,152.3,YES
894,SAT_078,"Dublin, Ireland",87.66,973.9,23.6,YES
895,SAT_081,"Dundee, Scotland",81.51,905.1,86.1,YES
896,SAT_125,"Mojave, USA",83.89,931.7,61.1,YES
897,SAT_125,"Mojave, USA",51.96,574.8,435.4,YES
898,SAT_050,"Accra, Ghana",63.65,705.4,277.9,YES
899,SAT_050,"Accra, Ghana",71.46,792.8,189.0,YES
900,SAT_191,"Punta Arenas, Chile",76.7,851.3,138.1,YES
901,SAT_112,"Columbus, USA",61.05,676.5,312.5,YES
902,SAT_111,"Columbus, USA",78.79,874.7,113.1,YES
903,SAT_115,"Pendergrass, USA",82.86,920.2,71.3,YES
904,SAT_114,"Pendergrass, USA",52.09,576.4,431.8,YES
905,SAT_191,"Cordoba, Argentina",62.73,695.2,294.0,YES
906,SAT_192,"Cordoba, Argentina",77.91,864.9,122.9,YES
907,SAT_192,"Cordoba, Argentina",46.55,514.4,523.4,YES
908,SAT_192,"Cordoba, Argentina",28.47,312.3,932.2,YES
909,SAT_193,"Cordoba, Argentina",17.87,193.9,1341.7,YES
910,SAT_001,"Cordoba, Argentina",11.02,117.3,1727.9,YES
911,SAT_001,"Cordoba, Argentina",6.18,63.2,2082.1,YES
918,SAT_094,"Cordoba, Argentina",7.8,81.3,1961.3,YES
919,SAT_094,"Cordoba, Argentina",13.89,149.3,1544.5,YES
920,SAT_094,"Cordoba, Argentina",22.5,245.6,1128.7,YES
921,SAT_095,"Cordoba, Argentina",36.47,401.7,712.9,YES
922,SAT_095,"Cordoba, Argentina",62.05,687.7,296.9,YES
923,SAT_095,"Cordoba, Argentina",77.96,865.4,120.8,YES
924,SAT_012,"Pendergrass, USA",61.16,677.6,304.0,YES
925,SAT_012,"Pendergrass, USA",77.51,860.4,123.6,YES
926,SAT_009,"Columbus, USA",87.24,969.1,27.0,YES
927,SAT_009,"Columbus, USA",51.02,564.3,441.5,YES
928,SAT_094,"Punta Arenas, Chile",65.92,730.8,253.5,YES
929,SAT_096,"Ushuaia, Argentina",82.19,912.7,78.6,YES
930,SAT_024,"Mojave, USA",73.18,812.1,167.4,YES
931,SAT_150,"Accra, Ghana",76.46,848.6,132.7,YES
932,SAT_019,"Portland, USA",74.68,828.8,152.5,YES
933,SAT_019,"Portland, USA",62.78,695.8,284.2,YES
934,SAT_176,"Guildford Pole, UK",77.12,856.0,127.8,YES
935,SAT_180,"Dundee, Scotland",66.25,734.6,245.2,YES
936,SAT_177,"Dublin, Ireland",83.01,921.9,68.7,YES
937,SAT_128,"Cape Town, South Africa",85.38,948.4,45.4,YES
938,SAT_183,"Öjebyn, Sweden",80.02,888.5,99.1,YES
939,SAT_184,"Sodankylä, Finland",82.64,917.7,72.9,YES
940,SAT_146,"Mwulire, Rwanda",79.15,878.8,105.9,YES
941,SAT_146,"Mwulire, Rwanda",57.31,634.6,349.3,YES
942,SAT_146,"Mwulire, Rwanda",35.16,387.1,728.7,YES
943,SAT_075,"Awarua, New Zeland",43.33,478.4,577.6,YES
944,SAT_075,"Awarua, New Zeland",74.47,826.4,157.9,YES
945,SAT_163,"Zallaq, Bahrain",84.76,941.4,51.0,YES
946,SAT_163,"Dubai, UAE",73.74,818.2,161.8,YES
947,SAT_163,"Dubai, UAE",67.62,749.8,227.7,YES
948,SAT_013,"Obihiro, Japan",61.09,676.9,307.1,YES
949,SAT_013,"Chitose, Japan",83.64,928.9,62.7,YES
950,SAT_072,"Dubbo, Australia",70.35,780.4,201.3,YES
951,SAT_008,"Seoul, South Korea",60.85,674.2,310.8,YES
952,SAT_008,"Seoul, South Korea",78.55,872.0,114.1,YES
953,SAT_073,"Alice Springs, Australia",67.92,753.2,228.3,YES
954,SAT_073,"Alice Springs, Australia",70.11,777.7,203.9,YES
955,SAT_091,"Mingenew, Australia",81.51,905.2,85.1,YES
956,SAT_091,"Mingenew, Australia",48.12,531.9,495.0,YES
957,SAT_090,"Mingenew, Australia",29.01,318.4,913.2,YES
958,SAT_153,Singapore,19.26,209.4,1259.6,YES
959,SAT_154,Singapore,29.92,328.5,875.4,YES
960,SAT_155,Singapore,47.86,529.0,492.6,YES
961,SAT_158,Singapore,78.14,867.5,118.2,YES
962,SAT_175,Singapore,71.51,793.3,188.7,YES
963,SAT_054,Singapore,79.91,887.2,100.3,YES
964,SAT_064,Singapore,60.93,675.1,310.6,YES
965,SAT_074,Singapore,36.36,400.5,717.9,YES
966,SAT_079,Singapore,22.61,246.8,1131.7,YES
967,SAT_082,Singapore,13.99,150.5,1550.1,YES
968,SAT_186,"Mingenew, Australia",21.52,234.6,1186.0,YES
969,SAT_186,"Mingenew, Australia",34.13,375.6,781.7,YES
970,SAT_186,"Mingenew, Australia",56.3,623.4,378.1,YES
971,SAT_186,"Mingenew, Australia",86.38,959.6,36.6,YES
972,SAT_169,"Alice Springs, Australia",72.71,806.8,178.2,YES
973,SAT_169,"Alice Springs, Australia",68.53,760.0,225.1,YES
974,SAT_136,"Harmon, Guam",79.58,883.6,104.5,YES
975,SAT_112,"Seoul, South Korea",63.2,700.5,287.5,YES
976,SAT_064,"Dubai, UAE",62.66,694.5,291.8,YES
977,SAT_169,"Dubbo, Australia",81.17,901.3,89.9,YES
978,SAT_064,"Zallaq, Bahrain",82.0,910.6,80.3,YES
979,SAT_064,"Zallaq, Bahrain",47.11,520.6,512.6,YES
980,SAT_045,"Mwulire, Rwanda",35.14,386.9,749.6,YES
981,SAT_045,"Mwulire, Rwanda",60.48,670.1,318.6,YES
982,SAT_045,"Mwulire, Rwanda",73.76,818.5,165.6,YES
983,SAT_032,"Pretoria, South Africa",83.96,932.5,61.0,YES
984,SAT_032,"Pretoria, South Africa",48.48,535.9,494.2,YES
985,SAT_028,"Cape Town, South Africa",81.71,907.3,84.4,YES
986,SAT_083,"Öjebyn, Sweden",84.81,942.0,52.8,YES
987,SAT_076,"Dublin, Ireland",74.95,831.7,154.9,YES
988,SAT_107,"Utqiagvik, USA",83.62,928.7,65.0,YES
989,SAT_107,"Deadhorse, USA",88.21,980.0,18.1,YES
990,SAT_134,"Paumalu, USA",72.49,804.3,179.0,YES
991,SAT_157,"Tahiti, French Polynesia",57.18,633.2,362.7,YES
992,SAT_157,"Tahiti, French Polynesia",87.29,969.7,27.1,YES
993,SAT_157,"Tahiti, French Polynesia",53.88,596.3,407.9,YES
994,SAT_115,"Portland, USA",42.18,465.5,604.1,YES
995,SAT_115,"Portland, USA",69.91,775.4,208.9,YES
996,SAT_115,"Portland, USA",71.51,793.3,190.8,YES
997,SAT_002,"Ushuaia, Argentina",81.05,900.0,99.2,YES
998,SAT_119,"Mojave, USA",85.29,947.4,46.9,YES
999,SAT_118,"Mojave, USA",55.93,619.3,377.8,YES
1000,SAT_097,"Columbus, USA",64.08,710.3,275.5,YES
1001,SAT_097,"Columbus, USA",76.45,848.6,137.4,YES
1002,SAT_097,"Pendergrass, USA",79.98,888.0,100.6,YES
1003,SAT_097,"Pendergrass, USA",60.3,668.0,320.2,YES
1004,SAT_097,"Pendergrass, USA",35.71,393.3,733.2,YES
1005,SAT_097,"Pendergrass, USA",22.13,241.5,1147.3,YES
1006,SAT_097,"Pendergrass, USA",13.66,146.8,1561.8,YES
1007,SAT_096,"Pendergrass, USA",7.66,79.7,1976.2,YES
1016,SAT_194,"Pendergrass, USA",8.19,85.7,1923.0,YES
1017,SAT_194,"Pendergrass, USA",14.34,154.4,1509.6,YES
1018,SAT_194,"Pendergrass, USA",23.13,252.6,1096.7,YES
1019,SAT_194,"Pendergrass, USA",37.46,412.8,684.6,YES
1020,SAT_193,"Pendergrass, USA",63.57,704.6,275.6,YES
1021,SAT_193,"Pendergrass, USA",75.34,836.1,146.2,YES
1022,SAT_193,"Columbus, USA",79.71,884.9,101.7,YES
1023,SAT_017,"Mojave, USA",77.76,863.2,120.8,YES
1024,SAT_017,"Mojave, USA",60.39,669.1,313.0,YES
1025,SAT_013,"Portland, USA",54.46,602.8,391.4,YES
1026,SAT_013,"Portland, USA",85.98,955.1,39.3,YES
1027,SAT_105,"Ushuaia, Argentina",81.17,901.3,88.9,YES
1028,SAT_058,"Tahiti, French Polynesia",68.98,765.0,212.6,YES
1029,SAT_034,"Paumalu, USA",60.12,666.0,313.4,YES
1030,SAT_034,"Paumalu, USA",77.01,854.9,127.2,YES
1031,SAT_009,"North Pole, USA",53.34,590.3,409.7,YES
1032,SAT_009,"North Pole, USA",84.92,943.3,50.0,YES
1033,SAT_006,"Deadhorse, USA",81.25,902.2,86.8,YES
1034,SAT_006,"Utqiagvik, USA",71.98,798.6,183.0,YES
1035,SAT_178,"Dundee, Scotland",83.54,927.8,63.5,YES
1036,SAT_175,"Guildford Pole, UK",70.42,781.1,198.3,YES
1037,SAT_176,"Dublin, Ireland",80.25,891.0,96.3,YES
1038,SAT_184,"Öjebyn, Sweden",84.78,941.7,51.5,YES
1039,SAT_186,"Sodankylä, Finland",66.36,735.8,245.5,YES
1040,SAT_127,"Cape Town, South Africa",81.34,903.2,85.8,YES
1041,SAT_067,"Dubbo, Australia",60.65,672.0,313.2,YES
1042,SAT_020,"Obihiro, Japan",84.2,935.2,56.9,YES
1043,SAT_038,"Harmon, Guam",71.89,797.6,180.6,YES
1044,SAT_145,"Mwulire, Rwanda",84.24,935.7,56.0,YES
1045,SAT_019,"Seoul, South Korea",74.41,825.8,156.0,YES
1046,SAT_064,"Alice Springs, Australia",67.32,746.5,233.4,YES
1047,SAT_169,"Zallaq, Bahrain",54.55,603.8,390.1,YES
1048,SAT_169,"Zallaq, Bahrain",84.28,936.1,56.0,YES
1049,SAT_171,"Dubai, UAE",80.27,891.3,96.0,YES
1050,SAT_171,"Dubai, UAE",61.73,684.1,298.1,YES
1051,SAT_172,"Dubai, UAE",37.46,412.8,686.2,YES
1052,SAT_044,Singapore,30.69,337.1,850.0,YES
1053,SAT_044,Singapore,53.22,589.0,409.2,YES
1054,SAT_044,Singapore,86.5,960.8,34.3,YES
1055,SAT_044,Singapore,49.03,542.1,472.7,YES
1056,SAT_044,Singapore,28.62,314.0,913.3,YES
1057,SAT_041,Singapore,17.37,188.3,1352.0,YES
1058,SAT_029,Singapore,10.5,111.5,1761.6,YES
1059,SAT_018,Singapore,6.3,64.5,2091.1,YES
1060,SAT_146,Singapore,6.92,71.4,2033.4,YES
1061,SAT_146,Singapore,12.2,130.4,1649.4,YES
1062,SAT_145,Singapore,19.3,209.8,1265.0,YES
1063,SAT_145,Singapore,29.92,328.5,880.6,YES
1064,SAT_145,Singapore,47.81,528.5,496.3,YES
1065,SAT_145,Singapore,78.72,874.0,112.8,YES
1066,SAT_145,Singapore,64.06,710.1,273.1,YES
1067,SAT_145,Singapore,39.13,431.5,657.1,YES
1068,SAT_072,"Dubai, UAE",53.38,590.8,414.3,YES
1069,SAT_072,"Dubai, UAE",85.92,954.4,40.7,YES
1070,SAT_071,"Zallaq, Bahrain",86.44,960.2,35.6,YES
1071,SAT_170,"Mingenew, Australia",69.17,767.2,218.4,YES
1072,SAT_170,"Mingenew, Australia",72.55,805.0,181.0,YES
1073,SAT_045,"Mwulire, Rwanda",68.22,756.6,226.1,YES
1074,SAT_029,"Pretoria, South Africa",70.14,778.1,207.1,YES
1075,SAT_162,"Alice Springs, Australia",86.27,958.4,37.5,YES
1076,SAT_121,"Seoul, South Korea",61.6,682.6,306.9,YES
1077,SAT_026,"Cape Town, South Africa",84.27,935.9,58.2,YES
1078,SAT_139,"Harmon, Guam",66.68,739.3,243.7,YES
1079,SAT_122,"Obihiro, Japan",83.88,931.6,61.7,YES
1080,SAT_081,"Stockholm, Sweden",82.42,915.3,77.1,YES
1081,SAT_077,"Dublin, Ireland",77.32,858.3,129.8,YES
1082,SAT_075,"Guildford Pole, UK",82.77,919.2,73.2,YES
1083,SAT_078,"Dundee, Scotland",72.13,800.3,185.7,YES
1084,SAT_172,"Awarua, New Zeland",78.44,870.8,119.3,YES
1085,SAT_173,"Awarua, New Zeland",61.54,682.0,313.0,YES
1086,SAT_105,"Utqiagvik, USA",48.07,531.4,505.3,YES
1087,SAT_105,"Utqiagvik, USA",79.95,887.6,103.0,YES
1088,SAT_104,"Deadhorse, USA",81.81,908.5,83.6,YES
1089,SAT_106,"North Pole, USA",80.05,888.8,101.6,YES
1090,SAT_106,"North Pole, USA",57.84,640.5,358.1,YES
1091,SAT_010,"Ushuaia, Argentina",68.42,758.8,230.7,YES
1092,SAT_009,"Punta Arenas, Chile",80.51,893.9,97.9,YES
1093,SAT_132,"Kapolei, USA",87.35,970.4,26.2,YES
1094,SAT_023,"Cordoba, Argentina",64.51,715.1,272.0,YES
1095,SAT_022,"Cordoba, Argentina",72.64,806.0,179.2,YES
1096,SAT_083,"Columbus, USA",80.02,888.5,100.5,YES
1097,SAT_080,"Pendergrass, USA",69.04,765.7,217.0,YES
1098,SAT_081,"Pendergrass, USA",68.37,758.3,224.3,YES
1099,SAT_105,"Mojave, USA",76.59,850.1,135.5,YES
1100,SAT_104,"Mojave, USA",45.44,502.0,538.3,YES
1101,SAT_104,"Mojave, USA",27.98,306.9,941.4,YES
1102,SAT_104,"Mojave, USA",17.62,191.1,1347.6,YES
1103,SAT_103,"Mojave, USA",10.69,113.6,1752.4,YES
1104,SAT_103,"Mojave, USA",5.48,55.3,2158.8,YES
1113,SAT_005,"Mojave, USA",5.67,57.5,2129.6,YES
1114,SAT_004,"Mojave, USA",11.07,117.9,1713.1,YES
1115,SAT_003,"Mojave, USA",18.43,200.1,1295.8,YES
1116,SAT_003,"Mojave, USA",29.72,326.3,878.0,YES
1117,SAT_003,"Mojave, USA",49.38,546.0,466.3,YES
1118,SAT_003,"Mojave, USA",76.56,849.8,133.5,YES
1119,SAT_061,"Tahiti, French Polynesia",83.34,925.6,65.1,YES
1120,SAT_176,"Pendergrass, USA",84.35,936.9,55.2,YES
1121,SAT_031,"Kapolei, USA",81.75,907.7,80.3,YES
1122,SAT_179,"Columbus, USA",63.85,707.8,271.8,YES
1123,SAT_125,"Cordoba, Argentina",84.86,942.5,50.6,YES
1124,SAT_125,"Cordoba, Argentina",55.9,618.8,373.8,YES
1125,SAT_112,"Punta Arenas, Chile",68.48,759.4,223.6,YES
1126,SAT_112,"Ushuaia, Argentina",78.57,872.2,115.4,YES
1127,SAT_005,"North Pole, USA",84.42,937.6,55.1,YES
1128,SAT_003,"Deadhorse, USA",75.15,834.0,149.3,YES
1129,SAT_004,"Utqiagvik, USA",86.8,964.2,31.6,YES
1130,SAT_073,"Awarua, New Zeland",84.35,936.9,56.1,YES
1131,SAT_073,"Awarua, New Zeland",50.97,563.8,448.2,YES
1132,SAT_064,"Dubbo, Australia",39.1,431.1,651.2,YES
1133,SAT_065,"Dubbo, Australia",67.36,747.0,232.8,YES
1134,SAT_039,"Harmon, Guam",71.85,797.2,180.4,YES
1135,SAT_022,"Chitose, Japan",76.79,852.3,130.9,YES
1136,SAT_179,"Dundee, Scotland",85.37,948.2,45.6,YES
1137,SAT_061,"Alice Springs, Australia",81.6,906.1,82.7,YES
1138,SAT_179,"Dublin, Ireland",82.85,920.1,70.6,YES
1139,SAT_150,"Accra, Ghana",82.77,919.2,70.3,YES
1140,SAT_150,"Accra, Ghana",58.58,648.8,333.8,YES
1141,SAT_066,"Mingenew, Australia",80.87,897.9,90.5,YES
1142,SAT_122,"Cape Town, South Africa",76.13,845.0,139.6,YES
1143,SAT_121,"Cape Town, South Africa",64.75,717.8,265.0,YES
1144,SAT_045,Singapore,58.39,646.7,337.4,YES
1145,SAT_045,Singapore,77.28,857.8,125.6,YES
1146,SAT_123,"Pretoria, South Africa",68.88,764.0,217.1,YES
1147,SAT_144,"Mwulire, Rwanda",54.24,600.3,394.0,YES
1148,SAT_144,"Mwulire, Rwanda",86.73,963.4,32.0,YES
1149,SAT_186,"Zallaq, Bahrain",69.99,776.4,204.5,YES
1150,SAT_191,"Dubai, UAE",81.56,905.7,83.8,YES
1151,SAT_192,"Dubai, UAE",59.36,657.5,330.3,YES
1152,SAT_192,"Dubai, UAE",35.36,389.3,739.1,YES
1153,SAT_193,"Dubai, UAE",22.12,241.3,1147.1,YES
1154,SAT_194,"Dubai, UAE",13.78,148.1,1556.5,YES
1155,SAT_194,"Dubai, UAE",7.86,82.0,1965.5,YES
1159,SAT_045,"Mwulire, Rwanda",8.74,91.8,1892.2,YES
1160,SAT_045,"Mwulire, Rwanda",15.57,168.1,1452.3,YES
1161,SAT_045,"Mwulire, Rwanda",25.73,281.7,1012.8,YES
1162,SAT_044,"Mwulire, Rwanda",43.34,478.5,574.3,YES
1163,SAT_044,"Mwulire, Rwanda",76.3,846.9,138.0,YES
1164,SAT_089,"Zallaq, Bahrain",81.4,903.8,86.6,YES
1165,SAT_090,"Zallaq, Bahrain",59.67,661.0,330.7,YES
1166,SAT_022,"Pretoria, South Africa",62.11,688.3,301.2,YES
1167,SAT_022,"Pretoria, South Africa",77.14,856.3,131.4,YES
1168,SAT_146,Singapore,48.55,536.7,486.6,YES
1169,SAT_146,Singapore,78.77,874.5,112.8,YES
1170,SAT_020,"Cape Town, South Africa",75.13,833.8,153.7,YES
1171,SAT_050,"Accra, Ghana",82.05,911.1,79.5,YES
1172,SAT_050,"Accra, Ghana",54.34,601.4,399.9,YES
1173,SAT_164,"Mingenew, Australia",56.37,624.2,376.9,YES
1174,SAT_164,"Mingenew, Australia",85.34,947.9,47.1,YES
1175,SAT_078,"Guildford Pole, UK",76.86,853.1,134.6,YES
1176,SAT_091,"Sodankylä, Finland",81.38,903.6,88.3,YES
1177,SAT_125,"Seoul, South Korea",74.81,830.2,155.4,YES
1178,SAT_160,"Alice Springs, Australia",76.23,846.1,140.8,YES
1179,SAT_160,"Alice Springs, Australia",66.37,735.9,249.9,YES
1180,SAT_123,"Chitose, Japan",63.38,702.5,285.0,YES
1181,SAT_123,"Obihiro, Japan",85.52,949.9,45.0,YES
1182,SAT_165,"Dubbo, Australia",77.93,865.1,123.5,YES
1183,SAT_165,"Dubbo, Australia",62.37,691.2,299.3,YES
1184,SAT_015,"Ushuaia, Argentina",41.3,455.7,634.3,YES
1185,SAT_014,"Ushuaia, Argentina",69.14,766.8,222.6,YES
1186,SAT_174,"Awarua, New Zeland",81.31,902.9,89.1,YES
1187,SAT_027,"Cordoba, Argentina",70.96,787.1,198.2,YES
1188,SAT_101,"North Pole, USA",83.36,925.8,67.4,YES
1189,SAT_074,"Columbus, USA",66.75,740.1,244.1,YES
1190,SAT_071,"Pendergrass, USA",75.7,840.2,145.0,YES
1191,SAT_071,"Pendergrass, USA",63.01,698.3,287.1,YES
1192,SAT_092,"Portland, USA",45.74,505.3,538.8,YES
1193,SAT_092,"Portland, USA",76.82,852.7,134.1,YES
1194,SAT_092,"Portland, USA",61.8,684.8,303.3,YES
1195,SAT_087,"Mojave, USA",65.12,722.0,262.2,YES
1196,SAT_123,"Kapolei, USA",85.22,946.6,47.3,YES
1197,SAT_122,"Kapolei, USA",58.64,649.5,339.2,YES
1198,SAT_173,"Tahiti, French Polynesia",64.7,717.3,266.4,YES
1199,SAT_174,"Tahiti, French Polynesia",78.21,868.2,118.4,YES
1200,SAT_176,"Tahiti, French Polynesia",47.67,526.9,499.6,YES
1201,SAT_177,"Tahiti, French Polynesia",30.06,330.0,877.4,YES
1202,SAT_179,"Tahiti, French Polynesia",19.58,213.0,1252.9,YES
1203,SAT_182,"Tahiti, French Polynesia",12.61,135.0,1623.7,YES
1204,SAT_185,"Tahiti, French Polynesia",7.48,77.7,1987.7,YES
1206,SAT_060,"Tahiti, French Polynesia",5.48,55.4,2144.0,YES
1207,SAT_064,"Tahiti, French Polynesia",10.37,110.0,1760.2,YES
1208,SAT_067,"Tahiti, French Polynesia",17.03,184.4,1363.8,YES
1209,SAT_070,"Tahiti, French Polynesia",27.07,296.7,959.3,YES
1210,SAT_072,"Tahiti, French Polynesia",44.5,491.4,547.7,YES
1211,SAT_073,"Tahiti, French Polynesia",76.52,849.4,134.2,YES
1212,SAT_075,"Tahiti, French Polynesia",62.58,693.5,288.4,YES
1213,SAT_023,"Kapolei, USA",73.24,812.7,167.0,YES
1214,SAT_022,"Paumalu, USA",66.64,738.9,238.6,YES
1215,SAT_182,"Mojave, USA",53.44,591.4,405.4,YES
1216,SAT_183,"Mojave, USA",83.96,932.5,59.1,YES
1217,SAT_183,"Mojave, USA",53.69,594.2,402.2,YES
1218,SAT_189,"Portland, USA",75.13,833.8,148.5,YES
1219,SAT_189,"Portland, USA",64.12,710.8,269.7,YES
1220,SAT_168,"Pendergrass, USA",41.71,460.2,593.4,YES
1221,SAT_168,"Pendergrass, USA",69.39,769.7,207.8,YES
1222,SAT_171,"Columbus, USA",71.89,797.6,181.4,YES
1223,SAT_076,"Awarua, New Zeland",81.27,902.4,87.2,YES
1224,SAT_199,"Deadhorse, USA",63.27,701.2,281.4,YES
1225,SAT_200,"Utqiagvik, USA",84.79,941.8,51.5,YES
1226,SAT_116,"Punta Arenas, Chile",84.7,940.8,52.9,YES
1227,SAT_023,"Obihiro, Japan",83.01,921.9,68.3,YES
1228,SAT_060,"Alice Springs, Australia",78.03,866.2,118.2,YES
1229,SAT_060,"Alice Springs, Australia",58.7,650.2,334.5,YES
1230,SAT_026,"Seoul, South Korea",84.76,941.5,51.0,YES
1231,SAT_026,"Seoul, South Korea",49.26,544.7,465.3,YES
1232,SAT_063,"Mingenew, Australia",69.45,770.3,209.1,YES
1233,SAT_063,"Mingenew, Australia",66.96,742.4,236.9,YES
1234,SAT_064,"Mingenew, Australia",38.16,420.6,671.7,YES
1235,SAT_046,Singapore,64.86,719.1,257.7,YES
1236,SAT_194,"Sodankylä, Finland",85.71,952.1,42.5,YES
1237,SAT_182,"Guildford Pole, UK",66.3,735.1,245.6,YES
1238,SAT_186,"Dublin, Ireland",78.11,867.1,118.8,YES
1239,SAT_186,"Dublin, Ireland",60.68,672.3,313.1,YES
1240,SAT_186,"Dublin, Ireland",36.44,401.3,712.8,YES
1241,SAT_152,"Accra, Ghana",32.8,360.7,789.9,YES
1242,SAT_152,"Accra, Ghana",53.44,591.4,404.0,YES
1243,SAT_152,"Accra, Ghana",87.17,968.3,27.6,YES
1244,SAT_110,"Cape Town, South Africa",82.9,920.7,71.0,YES
1245,SAT_015,"Dubai, UAE",69.06,765.9,214.2,YES
1246,SAT_011,"Zallaq, Bahrain",86.67,962.8,32.8,YES
1247,SAT_105,"Pretoria, South Africa",85.35,948.0,46.4,YES
1248,SAT_104,"Pretoria, South Africa",51.09,565.1,448.0,YES
1249,SAT_103,"Pretoria, South Africa",31.16,342.4,851.3,YES
1250,SAT_141,"Mwulire, Rwanda",33.87,372.7,770.4,YES
1251,SAT_139,"Mwulire, Rwanda",53.68,594.0,404.8,YES
1252,SAT_130,"Mwulire, Rwanda",79.1,878.2,108.6,YES
1253,SAT_116,"Mwulire, Rwanda",78.41,870.5,116.1,YES
1254,SAT_039,"Mwulire, Rwanda",78.96,876.6,110.0,YES
1255,SAT_029,"Mwulire, Rwanda",64.11,710.6,272.4,YES
1256,SAT_010,"Mwulire, Rwanda",42.11,464.8,600.9,YES
1257,SAT_007,"Mwulire, Rwanda",27.34,299.7,968.2,YES
1258,SAT_002,"Pretoria, South Africa",23.21,253.6,1192.2,YES
1259,SAT_002,"Pretoria, South Africa",36.55,402.6,780.5,YES
1260,SAT_002,"Pretoria, South Africa",59.13,655.0,370.4,YES
1261,SAT_002,"Pretoria, South Africa",85.15,945.8,53.8,YES
1262,SAT_052,"Accra, Ghana",88.49,983.2,14.9,YES
1263,SAT_120,"Dubai, UAE",81.22,901.9,88.1,YES
1264,SAT_008,"Cape Town, South Africa",79.06,877.8,112.2,YES
1265,SAT_007,"Cape Town, South Africa",47.28,522.6,519.6,YES
1266,SAT_007,"Cape Town, South Africa",28.93,317.5,936.8,YES
1267,SAT_087,"Dublin, Ireland",27.33,299.5,976.7,YES
1268,SAT_087,"Dublin, Ireland",44.6,492.6,562.0,YES
1269,SAT_088,"Dublin, Ireland",74.87,830.9,156.2,YES
1270,SAT_093,"Stockholm, Sweden",73.08,810.9,175.9,YES
1271,SAT_085,"Dundee, Scotland",83.43,926.6,66.8,YES
1272,SAT_095,"Öjebyn, Sweden",80.66,895.7,95.6,YES
1273,SAT_146,Singapore,80.39,892.6,96.4,YES
1274,SAT_146,Singapore,62.56,693.3,292.7,YES
1275,SAT_146,Singapore,38.38,423.1,675.7,YES
1276,SAT_163,"Mingenew, Australia",55.75,617.2,385.8,YES
1277,SAT_163,"Mingenew, Australia",83.42,926.4,66.6,YES
1278,SAT_029,"Cordoba, Argentina",77.9,864.8,123.8,YES
1279,SAT_016,"Ushuaia, Argentina",83.28,924.9,69.3,YES
1280,SAT_125,"Seoul, South Korea",78.67,873.4,114.6,YES
1281,SAT_160,"Alice Springs, Australia",62.42,691.7,296.7,YES
1282,SAT_070,"Columbus, USA",88.29,980.9,17.1,YES
1283,SAT_121,"Chitose, Japan",83.65,929.1,63.8,YES
1284,SAT_096,"Deadhorse, USA",81.89,909.3,82.7,YES
1285,SAT_138,"Harmon, Guam",88.05,978.2,19.3,YES
1286,SAT_095,"North Pole, USA",64.39,713.8,274.6,YES
1287,SAT_180,"Awarua, New Zeland",77.92,865.0,124.6,YES
1288,SAT_082,"Portland, USA",80.67,895.7,94.2,YES
1289,SAT_075,"Mojave, USA",80.7,896.1,93.3,YES
1290,SAT_075,"Mojave, USA",58.49,647.8,343.8,YES
1291,SAT_075,"Mojave, USA",34.08,375.1,773.2,YES
1292,SAT_076,"Mojave, USA",20.91,227.8,1199.6,YES
1293,SAT_076,"Mojave, USA",12.64,135.4,1626.2,YES
1294,SAT_100,"Paumalu, USA",20.22,220.2,1231.2,YES
1295,SAT_099,"Paumalu, USA",32.2,354.0,820.9,YES
1296,SAT_099,"Paumalu, USA",53.48,591.8,410.7,YES
1297,SAT_098,"Paumalu, USA",88.0,977.6,19.8,YES
1298,SAT_007,"Tahiti, French Polynesia",75.44,837.3,147.2,YES
1299,SAT_002,"Tahiti, French Polynesia",45.95,507.7,522.3,YES
1300,SAT_002,"Tahiti, French Polynesia",30.26,332.3,854.4,YES
1301,SAT_002,"Tahiti, French Polynesia",19.07,207.2,1242.8,YES
1302,SAT_002,"Tahiti, French Polynesia",11.42,121.7,1648.9,YES
1303,SAT_131,"Tahiti, French Polynesia",10.63,112.9,1742.0,YES
1304,SAT_126,"Tahiti, French Polynesia",15.87,171.5,1424.4,YES
1305,SAT_122,"Tahiti, French Polynesia",23.54,257.2,1082.1,YES
1306,SAT_118,"Tahiti, French Polynesia",36.01,396.5,718.6,YES
1307,SAT_116,"Tahiti, French Polynesia",58.45,647.4,339.8,YES
1308,SAT_114,"Tahiti, French Polynesia",84.68,940.5,52.4,YES
1309,SAT_194,"Paumalu, USA",77.17,856.6,127.3,YES
1310,SAT_194,"Paumalu, USA",44.84,495.3,540.9,YES
1311,SAT_194,"Paumalu, USA",27.22,298.3,954.2,YES
1312,SAT_193,"Paumalu, USA",16.98,183.9,1367.1,YES
1313,SAT_170,"Mojave, USA",15.66,169.2,1427.9,YES
1314,SAT_171,"Mojave, USA",24.52,268.1,1039.4,YES
1315,SAT_171,"Mojave, USA",39.11,431.2,645.5,YES
1316,SAT_038,"Harmon, Guam",69.23,767.9,208.4,YES
1317,SAT_082,"Awarua, New Zeland",86.84,964.6,31.5,YES
1318,SAT_178,"Portland, USA",81.58,905.9,82.8,YES
1319,SAT_020,"Obihiro, Japan",63.13,699.7,279.7,YES
1320,SAT_020,"Chitose, Japan",84.06,933.6,58.1,YES
1321,SAT_193,"North Pole, USA",69.0,765.3,215.4,YES
1322,SAT_025,"Seoul, South Korea",85.2,946.3,46.7,YES
1323,SAT_165,"Pendergrass, USA",54.18,599.7,392.1,YES
1324,SAT_063,"Mingenew, Australia",84.13,934.4,57.6,YES
1325,SAT_169,"Columbus, USA",67.83,752.2,225.4,YES
1326,SAT_046,Singapore,71.72,795.7,181.7,YES
1327,SAT_117,"Punta Arenas, Chile",82.12,911.9,79.0,YES
1328,SAT_116,"Ushuaia, Argentina",81.92,909.7,81.1,YES
1329,SAT_129,"Cordoba, Argentina",71.31,791.2,189.2,YES
1330,SAT_129,"Cordoba, Argentina",42.96,474.3,576.4,YES
1331,SAT_199,"Sodankylä, Finland",31.28,343.7,844.2,YES
1332,SAT_199,"Sodankylä, Finland",51.89,574.1,433.6,YES
1333,SAT_199,"Sodankylä, Finland",81.91,909.5,80.6,YES
1334,SAT_198,"Öjebyn, Sweden",74.16,823.0,160.3,YES
1335,SAT_198,"Stockholm, Sweden",76.58,850.0,134.9,YES
1336,SAT_191,"Dundee, Scotland",76.38,847.8,136.8,YES
1337,SAT_191,"Guildford Pole, UK",83.16,923.5,67.9,YES
1338,SAT_027,"Dubai, UAE",71.91,797.8,181.7,YES
1339,SAT_024,"Zallaq, Bahrain",71.19,789.8,189.8,YES
1340,SAT_024,"Zallaq, Bahrain",40.56,447.5,620.2,YES
1341,SAT_092,"Cape Town, South Africa",51.1,565.2,450.1,YES
1342,SAT_092,"Cape Town, South Africa",85.29,947.3,47.2,YES
1343,SAT_081,"Pretoria, South Africa",86.09,956.3,38.9,YES
1344,SAT_050,"Mwulire, Rwanda",54.38,601.9,393.2,YES
1345,SAT_051,"Mwulire, Rwanda",84.84,942.3,50.7,YES
1346,SAT_162,"Accra, Ghana",54.24,600.4,396.1,YES
1347,SAT_165,"Accra, Ghana",85.47,949.4,44.6,YES
1348,SAT_170,"Accra, Ghana",62.96,697.8,284.9,YES
1349,SAT_176,"Accra, Ghana",42.41,468.1,590.5,YES
1350,SAT_182,"Accra, Ghana",30.03,329.7,879.9,YES
1351,SAT_053,"Accra, Ghana",28.72,315.1,913.5,YES
1352,SAT_056,"Accra, Ghana",47.02,519.6,508.1,YES
1353,SAT_060,"Accra, Ghana",79.58,883.5,103.9,YES
1354,SAT_063,"Accra, Ghana",61.61,682.7,302.4,YES
1355,SAT_149,"Mwulire, Rwanda",55.68,616.4,379.3,YES
1356,SAT_149,"Mwulire, Rwanda",88.4,982.1,15.9,YES
1357,SAT_149,"Mwulire, Rwanda",54.95,608.2,390.0,YES
1358,SAT_175,"Pretoria, South Africa",42.61,470.3,595.8,YES
1359,SAT_175,"Pretoria, South Africa",70.18,778.5,206.4,YES
1360,SAT_176,"Pretoria, South Africa",72.0,798.8,186.8,YES
1361,SAT_187,"Cape Town, South Africa",79.74,885.3,105.2,YES
1362,SAT_187,"Cape Town, South Africa",47.94,530.0,508.5,YES
1363,SAT_128,"Zallaq, Bahrain",59.34,657.3,333.4,YES
1364,SAT_128,"Zallaq, Bahrain",84.09,933.9,59.1,YES
1365,SAT_130,"Dubai, UAE",81.72,907.4,83.1,YES
1366,SAT_098,"Dublin, Ireland",78.49,871.3,117.9,YES
1367,SAT_093,"Dundee, Scotland",76.13,845.0,143.0,YES
1368,SAT_101,"Stockholm, Sweden",72.06,799.5,187.3,YES
1369,SAT_101,"Öjebyn, Sweden",80.05,888.8,102.0,YES
1370,SAT_102,"Sodankylä, Finland",82.89,920.6,72.6,YES
1371,SAT_102,"Sodankylä, Finland",52.77,583.9,432.1,YES
1372,SAT_016,"Ushuaia, Argentina",75.28,835.4,154.1,YES
1373,SAT_017,"Punta Arenas, Chile",80.72,896.3,95.9,YES
1374,SAT_069,"Columbus, USA",77.72,862.8,124.7,YES
1375,SAT_069,"Columbus, USA",60.3,668.1,322.9,YES
1376,SAT_146,Singapore,49.62,548.7,469.9,YES
1377,SAT_146,Singapore,81.04,899.8,89.7,YES
1378,SAT_146,Singapore,61.9,686.0,300.1,YES
1379,SAT_164,"Mingenew, Australia",52.96,586.1,424.9,YES
1380,SAT_164,"Mingenew, Australia",85.74,952.4,42.9,YES
1381,SAT_089,"North Pole, USA",70.97,787.3,198.9,YES
1382,SAT_122,"Seoul, South Korea",76.1,844.6,141.2,YES
1383,SAT_122,"Seoul, South Korea",65.49,726.0,258.3,YES
1384,SAT_116,"Chitose, Japan",67.07,743.8,240.6,YES
1385,SAT_115,"Obihiro, Japan",85.36,948.2,46.4,YES
1386,SAT_165,"Alice Springs, Australia",58.82,651.6,340.9,YES
1387,SAT_191,"Awarua, New Zeland",81.39,903.7,88.2,YES
1388,SAT_175,"Dubbo, Australia",73.98,821.0,164.6,YES
1389,SAT_133,"Harmon, Guam",78.75,874.2,112.2,YES
1390,SAT_027,"Tahiti, French Polynesia",78.03,866.2,120.4,YES
1391,SAT_074,"Paumalu, USA",83.63,928.8,63.2,YES
1392,SAT_074,"Kapolei, USA",58.29,645.5,343.7,YES
1393,SAT_075,"Kapolei, USA",34.21,376.5,765.0,YES
1394,SAT_077,"Kapolei, USA",21.11,230.0,1184.6,YES
1395,SAT_078,"Kapolei, USA",12.97,139.1,1598.5,YES
1396,SAT_080,"Kapolei, USA",7.21,74.6,2008.4,YES
1403,SAT_163,"Kapolei, USA",7.51,78.1,1968.5,YES
1404,SAT_164,"Kapolei, USA",12.8,137.2,1594.3,YES
1405,SAT_036,"Harmon, Guam",20.4,222.1,1198.9,YES
1406,SAT_035,"Harmon, Guam",33.68,370.6,766.0,YES
1407,SAT_034,"Harmon, Guam",58.58,648.8,333.8,YES
1408,SAT_168,"Kapolei, USA",83.55,927.9,62.8,YES
1409,SAT_132,"Tahiti, French Polynesia",76.29,846.8,135.8,YES
1410,SAT_076,"Dubbo, Australia",74.16,823.0,159.5,YES
1411,SAT_064,"Alice Springs, Australia",72.94,809.3,171.0,YES
1412,SAT_093,"Awarua, New Zeland",69.47,770.5,212.3,YES
1413,SAT_014,"Obihiro, Japan",77.47,860.0,124.0,YES
1414,SAT_014,"Chitose, Japan",69.59,771.9,207.0,YES
1415,SAT_021,"Seoul, South Korea",74.25,823.9,156.7,YES
1416,SAT_065,"Mingenew, Australia",78.14,867.4,117.6,YES
1417,SAT_046,Singapore,78.71,873.8,110.1,YES
1418,SAT_167,"Mojave, USA",62.13,688.6,290.4,YES
1419,SAT_187,"North Pole, USA",86.8,964.2,31.5,YES
1420,SAT_191,"Utqiagvik, USA",83.5,927.4,64.3,YES
1421,SAT_189,"Deadhorse, USA",53.9,596.5,403.1,YES
1422,SAT_190,"Deadhorse, USA",32.67,359.3,805.3,YES
1423,SAT_190,"Deadhorse, USA",20.63,224.7,1207.6,YES
1424,SAT_166,"Pendergrass, USA",23.94,261.6,1059.4,YES
1425,SAT_166,"Pendergrass, USA",37.93,418.1,669.7,YES
1426,SAT_166,"Pendergrass, USA",62.8,696.0,282.8,YES
1427,SAT_170,"Columbus, USA",78.34,869.7,115.0,YES
1428,SAT_115,"Punta Arenas, Chile",77.07,855.5,131.1,YES
1429,SAT_004,"Sodankylä, Finland",85.12,945.4,48.4,YES
1430,SAT_030,"Zallaq, Bahrain",81.78,908.1,80.3,YES
1431,SAT_005,"Stockholm, Sweden",76.59,850.1,134.6,YES
1432,SAT_125,"Cordoba, Argentina",68.61,760.9,219.9,YES
1433,SAT_199,"Dundee, Scotland",80.27,891.3,97.0,YES
1434,SAT_001,"Guildford Pole, UK",86.11,956.5,35.6,YES
1435,SAT_068,"Pretoria, South Africa",76.34,847.3,136.9,YES
1436,SAT_077,"Cape Town, South Africa",83.07,922.5,69.1,YES
1437,SAT_078,"Cape Town, South Africa",56.93,630.3,364.2,YES
1438,SAT_078,"Cape Town, South Africa",33.75,371.4,781.6,YES
1439,SAT_079,"Cape Town, South Africa",20.76,226.2,1207.1,YES
